,Mutation,Regulator,Regulon,MutationRegulatorEdge,-log10(p)_MutationRegulatorEdge,RegulatorRegulon_Spearman_R,RegulatorRegulon_Spearman_p-value,Regulon_stratification_t-statistic,-log10(p)_Regulon_stratification,Fraction_of_edges_correctly_aligned
1313,AIM1_code_potential_somatic,ENSG00000125952,1313,-1.0,1.3351136076338321,0.6383058949876683,4.830752998599309e-64,-3.186380258310514,1.3808325391383764,1.0
2320,AIM1_code_potential_somatic,ENSG00000135457,2320,-1.0,2.1356174162257253,0.6147789272980276,2.8631235837696392e-58,-4.27310750636555,1.8508197921920835,1.0
780,AIM1_code_potential_somatic,ENSG00000115415,780,-1.0,1.3748690647430164,0.2570534417172962,1.0175399069673693e-09,-3.164975583781551,1.3724458393240964,1.0
783,AIM1_code_potential_somatic,ENSG00000115415,783,-1.0,1.3748690647430164,0.72549804988932,1.1812802619047889e-90,-6.55817715916413,2.850096371995442,1.0
768,AIM1_code_potential_somatic,ENSG00000115415,768,-1.0,1.3748690647430164,0.3654971981947868,9.204788016394078e-19,-2.9358354924128136,1.3012095266097958,1.0
777,AIM1_code_potential_somatic,ENSG00000115415,777,-1.0,1.3748690647430164,0.2831979117150073,1.4473055343346336e-11,-3.245807847034067,1.440819106080353,1.0
789,AIM1_code_potential_somatic,ENSG00000126561,789,-1.0,1.5595625386628331,0.49281634308472533,7.110148695212294e-35,-3.8187743295452505,1.7699286933709641,1.0
