,Mutation,Regulator,Regulon,MutationRegulatorEdge,-log10(p)_MutationRegulatorEdge,RegulatorRegulon_Spearman_R,RegulatorRegulon_Spearman_p-value,Regulon_stratification_t-statistic,-log10(p)_Regulon_stratification,Fraction_of_edges_correctly_aligned
3243,ALPPL2_code_potential_somatic,ENSG00000025434,3243,-1.0,2.039588412066394,0.2671562306012533,2.0766505157740116e-10,-3.519687705796028,1.6786531438785135,1.0
1825,ALPPL2_code_potential_somatic,ENSG00000096401,1825,-1.0,1.8737571295130586,0.07361652322395257,0.08512020000119531,-4.343253915818533,2.1006177016169203,1.0
251,ALPPL2_code_potential_somatic,ENSG00000177606,251,-1.0,1.8998485439081956,0.7020705437872713,1.4989788859365892e-82,-8.425284188246803,5.79730446298663,1.0
248,ALPPL2_code_potential_somatic,ENSG00000177606,248,-1.0,1.8998485439081956,0.2025454291165923,1.7505565855919237e-06,-3.6737824342555996,2.3538976905487066,1.0
1835,ALPPL2_code_potential_somatic,ENSG00000112658,1835,-1.0,1.5438653541157141,0.3052312055335061,2.7937853788989866e-13,-3.579242756722911,1.5909615264125483,0.6666666666666666
1839,ALPPL2_code_potential_somatic,ENSG00000112658,1839,-1.0,1.5438653541157141,0.43930433182194023,2.919581539654522e-27,-4.65148116453219,2.1298348510923493,0.6666666666666666
3189,ALPPL2_code_potential_somatic,ENSG00000176165,3189,-1.0,1.9119547856821844,0.35657285411807066,7.128843507972646e-18,-5.727774056618757,2.6816968552467904,1.0
