,Mutation,Regulator,Regulon,MutationRegulatorEdge,-log10(p)_MutationRegulatorEdge,RegulatorRegulon_Spearman_R,RegulatorRegulon_Spearman_p-value,Regulon_stratification_t-statistic,-log10(p)_Regulon_stratification,Fraction_of_edges_correctly_aligned
166,ANO1_code_potential_somatic,ENSG00000178573,166,-1.0,1.6857701153636038,0.5169340280185626,9.020489212937334e-39,-3.4602865289203817,1.3159925859199297,1.0
169,ANO1_code_potential_somatic,ENSG00000178573,169,-1.0,1.6857701153636038,0.3551133792825451,9.902752147500087e-18,-4.232544831536757,1.6786607005874787,1.0
3717,ANO1_code_potential_somatic,ENSG00000163435,3717,-1.0,1.3702096249224407,0.32730183390687817,3.779874815497097e-15,-8.459892901249852,3.2246703897069926,1.0
1476,ANO1_code_potential_somatic,ENSG00000087510,1476,-1.0,2.2704675808175967,0.22488433575678962,1.0337572531428442e-07,-5.294425585210739,2.2793623328225894,0.5
3731,ANO1_code_potential_somatic,ENSG00000124813,3731,-1.0,1.7862496610786671,-0.2825008784922849,1.630804851531785e-11,4.858879333758948,1.5169417561942324,1.0
1236,ANO1_code_potential_somatic,ENSG00000110777,1236,-1.0,1.9317262336585155,0.3683191597506944,4.753848317408781e-19,-5.126004400876971,1.6324708676125423,1.0
