,Mutation,Regulator,Regulon,MutationRegulatorEdge,-log10(p)_MutationRegulatorEdge,RegulatorRegulon_Spearman_R,RegulatorRegulon_Spearman_p-value,Regulon_stratification_t-statistic,-log10(p)_Regulon_stratification,Fraction_of_edges_correctly_aligned
890,AOX1_code_potential_somatic,ENSG00000154727,890,-1.0,1.7481861773891667,0.20797126289309115,9.053721566488346e-07,-7.922313987753812,4.756238907132391,0.5
3107,AOX1_code_potential_somatic,ENSG00000184486,3107,1.0,1.7168410737900328,-0.28378928523067615,1.3075652516215575e-11,-3.0561621859573163,1.4565382001935885,1.0
3579,AOX1_code_potential_somatic,ENSG00000134138,3579,1.0,1.3014445281653848,0.31516730146347816,4.2079561259888874e-14,5.267151715670322,2.7932789620466947,1.0
3581,AOX1_code_potential_somatic,ENSG00000134138,3581,1.0,1.3014445281653848,0.35668215977774864,6.955033033573604e-18,3.8669364695791333,1.9666621061534428,1.0
3477,AOX1_code_potential_somatic,ENSG00000107175,3477,-1.0,1.7410611650151793,0.3558082978527454,8.470030614816931e-18,-6.329180506661785,2.7684330543198516,1.0
977,AOX1_code_potential_somatic,ENSG00000066136,977,-1.0,1.3567724534864374,0.41230138581930065,6.661055322068451e-24,-3.3789518578406783,1.46221918520425,1.0
1479,AOX1_code_potential_somatic,ENSG00000087510,1479,-1.0,1.8339945741007178,0.15526243868235676,0.0002638283067216797,-6.9311747942014845,3.466823348923104,0.5
3398,AOX1_code_potential_somatic,ENSG00000120149,3398,-1.0,2.252366946479661,0.19005162450158916,7.473825507774001e-06,-3.46177970056056,1.6023659998449138,1.0
