,Mutation,Regulator,Regulon,MutationRegulatorEdge,-log10(p)_MutationRegulatorEdge,RegulatorRegulon_Spearman_R,RegulatorRegulon_Spearman_p-value,Regulon_stratification_t-statistic,-log10(p)_Regulon_stratification,Fraction_of_edges_correctly_aligned
1035,ATAD2_code_potential_somatic,ENSG00000137203,1035,-1.0,1.4049406718905235,0.38751189765490146,4.4541864144617496e-21,-4.408316640807441,3.1891008723452847,1.0
1505,ATAD2_code_potential_somatic,ENSG00000165495,1505,-1.0,1.4974693619334434,0.40147655247761804,1.2205230895498734e-22,-4.374984744302806,1.460894516704851,1.0
1100,ATAD2_code_potential_somatic,ENSG00000176887,1100,-1.0,2.359326003798706,0.5747518364116476,1.6996917970202137e-49,-4.666359723589915,1.4599807311005777,1.0
114,ATAD2_code_potential_somatic,ENSG00000057657,114,-1.0,2.1962796800855577,0.28656261555391105,8.096012626668552e-12,-4.074291923867742,1.6019264012894556,1.0
7,ATAD2_code_potential_somatic,ENSG00000126351,7,-1.0,1.366438771235783,0.5924389359447688,3.1973683806405464e-53,-4.420983712297488,1.444731356715817,1.0
1429,ATAD2_code_potential_somatic,ENSG00000116035,1429,-1.0,1.684031539354516,-0.24551662674713143,5.757900185287079e-09,3.7208298823000012,1.3029545660799244,1.0
671,ATAD2_code_potential_somatic,ENSG00000130675,671,-1.0,1.4974693619334434,-0.368869833236399,4.1755659120516077e-19,4.005191553272208,1.387557893710603,1.0
