,Mutation,Regulator,Regulon,MutationRegulatorEdge,-log10(p)_MutationRegulatorEdge,RegulatorRegulon_Spearman_R,RegulatorRegulon_Spearman_p-value,Regulon_stratification_t-statistic,-log10(p)_Regulon_stratification,Fraction_of_edges_correctly_aligned
365,BCL6_code_potential_somatic,ENSG00000163497,365,-1.0,2.2930362918800853,-0.21647528057006557,3.1079592577989785e-07,2.8091364317886565,1.4685060827295786,1.0
64,BCL6_code_potential_somatic,ENSG00000166888,64,1.0,1.4208399969616858,0.45420359014038164,3.0126871941239254e-29,3.518978786235525,1.643366548110007,1.0
411,BCL6_code_potential_somatic,ENSG00000109320,411,1.0,1.5276393616853112,0.7727425956718023,7.149457807593363e-110,3.230277480992049,1.7826033692611079,1.0
682,BCL6_code_potential_somatic,ENSG00000188786,682,1.0,1.3082757322096732,0.2638246320121787,3.533490936416008e-10,4.807005916980274,1.9469310191911544,1.0
