,Mutation,Regulator,Regulon,MutationRegulatorEdge,-log10(p)_MutationRegulatorEdge,RegulatorRegulon_Spearman_R,RegulatorRegulon_Spearman_p-value,Regulon_stratification_t-statistic,-log10(p)_Regulon_stratification,Fraction_of_edges_correctly_aligned
834,BRWD3_code_potential_somatic,ENSG00000152284,834,-1.0,6.484328414965557,-0.22092015531466508,1.7463831148306196e-07,5.547862733164197,1.5931988021480536,1.0
1100,BRWD3_code_potential_somatic,ENSG00000176887,1100,-1.0,1.382750008338124,0.5747518364116476,1.6996917970202137e-49,-4.625890751076038,1.7402830376669591,1.0
3266,BRWD3_code_potential_somatic,ENSG00000184481,3266,-1.0,1.4207573472254407,0.4451406269448879,4.99915639417556e-28,-7.449388498861702,2.5648313990112843,1.0
3265,BRWD3_code_potential_somatic,ENSG00000184481,3265,-1.0,1.4207573472254407,0.3577604138068726,5.449156345779989e-18,-3.6187952343905865,1.382010538863615,1.0
2885,BRWD3_code_potential_somatic,ENSG00000136535,2885,-1.0,1.6810428263586275,-0.1740189505436227,4.2095410235556445e-05,5.013905725646111,1.5674753075586534,1.0
1361,BRWD3_code_potential_somatic,ENSG00000173153,1361,-1.0,1.4502637448108457,0.1917439298717055,6.17314799274213e-06,-12.746835051523243,8.012185192163415,0.5
1560,BRWD3_code_potential_somatic,ENSG00000182568,1560,-1.0,1.9514843738197585,-0.21042097846138905,6.683721043737998e-07,5.723265861994299,1.6243960773129509,1.0
