,Mutation,Regulator,Regulon,MutationRegulatorEdge,-log10(p)_MutationRegulatorEdge,RegulatorRegulon_Spearman_R,RegulatorRegulon_Spearman_p-value,Regulon_stratification_t-statistic,-log10(p)_Regulon_stratification,Fraction_of_edges_correctly_aligned
3026,C12orf63_code_potential_somatic,ENSG00000166949,3026,1.0,1.5935679006179748,0.3849844503766524,8.387289374062211e-21,9.007528709844902,3.895077016002615,1.0
3396,C12orf63_code_potential_somatic,ENSG00000120149,3396,-1.0,1.7425051881789178,-0.17820796615855944,2.7185279708035753e-05,7.154993936678443,3.2287863652532343,1.0
3397,C12orf63_code_potential_somatic,ENSG00000120149,3397,-1.0,1.7425051881789178,-0.34445275964706307,1.0378613315743383e-16,5.093582991872197,4.903438728142041,1.0
695,C12orf63_code_potential_somatic,ENSG00000188786,695,1.0,1.4096219266109127,0.41959212436315246,8.84162528146487e-25,2.7965153131049645,1.7997727524990255,1.0
