,Mutation,Regulator,Regulon,MutationRegulatorEdge,-log10(p)_MutationRegulatorEdge,RegulatorRegulon_Spearman_R,RegulatorRegulon_Spearman_p-value,Regulon_stratification_t-statistic,-log10(p)_Regulon_stratification,Fraction_of_edges_correctly_aligned
2597,C12orf35_code_potential_somatic,ENSG00000087903,2597,1.0,1.4107966776175924,0.5134481327144256,3.450302845570539e-38,5.662127509358062,1.6557726278941471,1.0
2599,C12orf35_code_potential_somatic,ENSG00000087903,2599,1.0,1.4107966776175924,0.3299908698054381,2.183250779018185e-15,6.451423202463351,1.87116344323891,1.0
1484,C12orf35_code_potential_somatic,ENSG00000129194,1484,1.0,1.4107966776175924,0.31388042602518906,5.3988512870859237e-14,5.9713654283562265,1.8192320216644653,1.0
