,Mutation,Regulator,Regulon,MutationRegulatorEdge,-log10(p)_MutationRegulatorEdge,RegulatorRegulon_Spearman_R,RegulatorRegulon_Spearman_p-value,Regulon_stratification_t-statistic,-log10(p)_Regulon_stratification,Fraction_of_edges_correctly_aligned
830,C21orf29_code_potential_somatic,ENSG00000152284,830,1.0,2.5015620934518084,0.24158242510830485,1.0196103818699193e-08,3.3615955093416816,1.6002097081007918,1.0
831,C21orf29_code_potential_somatic,ENSG00000152284,831,1.0,2.5015620934518084,-0.21493284483401695,3.7854450030709187e-07,-6.072573972587424,1.7934397650104443,1.0
14,C21orf29_code_potential_somatic,ENSG00000126351,14,1.0,2.6972421936675848,-0.4135927093197914,4.674888132273855e-24,-7.188393104485677,10.967296270867456,1.0
5,C21orf29_code_potential_somatic,ENSG00000126351,5,1.0,2.6972421936675848,-0.28714808262632846,7.311829970337332e-12,-5.227392413870232,2.10189258513063,1.0
7,C21orf29_code_potential_somatic,ENSG00000126351,7,1.0,2.6972421936675848,0.5924389359447688,3.1973683806405464e-53,4.227707442197319,1.3685411254079038,1.0
2140,C21orf29_code_potential_somatic,ENSG00000175592,2140,-1.0,1.6158245244591547,0.7417272058870178,8.857405543262781e-97,-4.414961613924633,1.414339914055684,1.0
2137,C21orf29_code_potential_somatic,ENSG00000175592,2137,-1.0,1.6158245244591547,0.5059136257781102,5.9483561668662806e-37,-6.808814810317021,1.9760785349221246,1.0
