,Mutation,Regulator,Regulon,MutationRegulatorEdge,-log10(p)_MutationRegulatorEdge,RegulatorRegulon_Spearman_R,RegulatorRegulon_Spearman_p-value,Regulon_stratification_t-statistic,-log10(p)_Regulon_stratification,Fraction_of_edges_correctly_aligned
129,C9orf98_code_potential_somatic,ENSG00000196843,129,-1.0,1.3524344844647067,0.35362189298297775,1.3831236173598629e-17,-8.557055237167372,13.821982297630614,1.0
3399,C9orf98_code_potential_somatic,ENSG00000120149,3399,-1.0,1.5016272496142007,0.12252588389376366,0.004071887528659675,-7.397144051061363,10.043585250248551,1.0
3398,C9orf98_code_potential_somatic,ENSG00000120149,3398,-1.0,1.5016272496142007,0.19005162450158916,7.473825507774001e-06,-5.0874705204409345,2.780443655135328,1.0
3393,C9orf98_code_potential_somatic,ENSG00000120149,3393,-1.0,1.5016272496142007,0.1356500737175161,0.0014577784066699124,-3.877341733870294,1.6112880259396722,1.0
