,Mutation,Regulator,Regulon,MutationRegulatorEdge,-log10(p)_MutationRegulatorEdge,RegulatorRegulon_Spearman_R,RegulatorRegulon_Spearman_p-value,Regulon_stratification_t-statistic,-log10(p)_Regulon_stratification,Fraction_of_edges_correctly_aligned
1629,CACNA1S_code_potential_somatic,ENSG00000028277,1629,1.0,2.949931864521343,-0.17420004335766862,4.1315766962882404e-05,-2.365887078461161,1.3291232863308484,1.0
2535,CACNA1S_code_potential_somatic,ENSG00000177732,2535,-1.0,1.344615869468715,0.2885142939937233,5.759408803257556e-12,-2.639674649974333,1.5245570121606948,1.0
2544,CACNA1S_code_potential_somatic,ENSG00000177732,2544,-1.0,1.344615869468715,0.1265648702110139,0.0029975803511913166,-2.463869701557353,1.48789181916747,1.0
3574,CACNA1S_code_potential_somatic,ENSG00000253293,3574,-1.0,1.7060866657303815,0.29086017283127985,3.811496087124064e-12,-2.386552938365426,1.3548799765299318,1.0
1548,CACNA1S_code_potential_somatic,ENSG00000123364,1548,-1.0,1.5114447582691901,0.45285051907844587,4.607026336387008e-29,-2.904945937533146,1.6952572099898715,1.0
3639,CACNA1S_code_potential_somatic,ENSG00000076604,3639,-1.0,1.8636258139769284,-0.3930013168451689,1.1054459076174069e-21,3.04811648713627,1.8673422839232108,1.0
3449,CACNA1S_code_potential_somatic,ENSG00000278129,3449,-1.0,1.8268975813631274,0.1977392614481272,3.093345552587242e-06,-2.5131794927473083,1.4468256465264622,1.0
1875,CACNA1S_code_potential_somatic,ENSG00000118513,1875,-1.0,1.6923805626638202,0.37999052307517084,2.8821468727292314e-20,-2.673656377224833,1.5454238561237548,1.0
