,Mutation,Regulator,Regulon,MutationRegulatorEdge,-log10(p)_MutationRegulatorEdge,RegulatorRegulon_Spearman_R,RegulatorRegulon_Spearman_p-value,Regulon_stratification_t-statistic,-log10(p)_Regulon_stratification,Fraction_of_edges_correctly_aligned
3056,CCDC42_code_potential_somatic,ENSG00000124782,3056,-1.0,1.7549454587510687,0.21086425338145703,6.324104308567523e-07,-11.08288732357935,8.09005535092997,1.0
3052,CCDC42_code_potential_somatic,ENSG00000124782,3052,-1.0,1.7549454587510687,-0.33779743772658233,4.301413147830727e-16,2.6790091934439144,1.7741074752636148,1.0
3061,CCDC42_code_potential_somatic,ENSG00000124782,3061,-1.0,1.7549454587510687,-0.24425410627237296,6.9242473473585095e-09,4.044869450564663,1.4323539126428697,1.0
3472,CCDC42_code_potential_somatic,ENSG00000177463,3472,1.0,2.3771242243861566,0.10734836647103214,0.011920389157737249,3.8643989494946718,1.390013892678494,1.0
1875,CCDC42_code_potential_somatic,ENSG00000118513,1875,1.0,1.8938027684416534,0.37999052307517084,2.8821468727292314e-20,2.5759777754861344,1.808783856599538,1.0
1204,CCDC42_code_potential_somatic,ENSG00000100811,1204,1.0,4.141614467955332,0.49941901744931055,6.5434422067206e-36,5.8869123983626785,5.183991469110697,1.0
