,Mutation,Regulator,Regulon,MutationRegulatorEdge,-log10(p)_MutationRegulatorEdge,RegulatorRegulon_Spearman_R,RegulatorRegulon_Spearman_p-value,Regulon_stratification_t-statistic,-log10(p)_Regulon_stratification,Fraction_of_edges_correctly_aligned
1178,CD33_code_potential_somatic,ENSG00000198911,1178,-1.0,1.8294471568345039,0.34028485244501594,2.538462751185916e-16,-7.697073271776284,4.914435452159625,1.0
3526,CD33_code_potential_somatic,ENSG00000153234,3526,-1.0,2.751785691522893,0.28253318163253655,1.6218199881278203e-11,-6.42765193879225,2.7275056674182534,1.0
2643,CD33_code_potential_somatic,ENSG00000126767,2643,-1.0,2.7919104179679337,0.3027881985180369,4.401519795687066e-13,-3.9263748476617746,1.8351454910912517,1.0
1476,CD33_code_potential_somatic,ENSG00000087510,1476,-1.0,1.3625933397786882,0.22488433575678962,1.0337572531428442e-07,-4.79616734923888,2.1464481978952112,1.0
1477,CD33_code_potential_somatic,ENSG00000087510,1477,-1.0,1.3625933397786882,0.13434414246872228,0.0016213704893200856,-2.827551260566195,1.4122865064948178,1.0
1467,CD33_code_potential_somatic,ENSG00000087510,1467,-1.0,1.3625933397786882,0.3621860031536285,1.9821152866970234e-18,-3.387944964942223,1.4572053823169093,1.0
797,CD33_code_potential_somatic,ENSG00000126561,797,-1.0,2.3721008668934878,0.2489276341843643,3.4802347849274002e-09,-3.789479951217509,1.606602131871767,1.0
