,Mutation,Regulator,Regulon,MutationRegulatorEdge,-log10(p)_MutationRegulatorEdge,RegulatorRegulon_Spearman_R,RegulatorRegulon_Spearman_p-value,Regulon_stratification_t-statistic,-log10(p)_Regulon_stratification,Fraction_of_edges_correctly_aligned
107,CHAF1A_code_potential_somatic,ENSG00000057657,107,-1.0,2.476119503376387,0.4791201762132656,8.518674804720277e-33,-10.611276031285811,4.97691155656184,1.0
110,CHAF1A_code_potential_somatic,ENSG00000057657,110,-1.0,2.476119503376387,0.3857823306489643,6.872456776722293e-21,-3.936448818936134,1.352734043494355,1.0
775,CHAF1A_code_potential_somatic,ENSG00000115415,775,-1.0,1.487792023948129,0.35632084587267593,7.54602682769132e-18,-6.54733643215972,2.497004445061454,1.0
394,CHAF1A_code_potential_somatic,ENSG00000168610,394,-1.0,1.4849553839826604,0.7253796790311073,1.3043827865767566e-90,-7.480861340380403,2.7492593243217667,1.0
399,CHAF1A_code_potential_somatic,ENSG00000168610,399,-1.0,1.4849553839826604,0.6022359497607409,2.1882294656626997e-55,-6.170207440015544,3.0616753924989566,1.0
177,CHAF1A_code_potential_somatic,ENSG00000007866,177,-1.0,1.8950549852416791,0.19389103137218272,4.831708707778401e-06,-3.4216403968167706,1.317800050078966,0.5
