,Mutation,Regulator,Regulon,MutationRegulatorEdge,-log10(p)_MutationRegulatorEdge,RegulatorRegulon_Spearman_R,RegulatorRegulon_Spearman_p-value,Regulon_stratification_t-statistic,-log10(p)_Regulon_stratification,Fraction_of_edges_correctly_aligned
288,CNTNAP5_code_potential_somatic,ENSG00000072310,288,1.0,1.8715307580341833,0.5114015136682754,7.53010353623837e-38,3.7859058491093136,1.535562915791248,1.0
1097,CNTNAP5_code_potential_somatic,ENSG00000176887,1097,-1.0,1.4504685822446994,-0.24564299546509125,5.652251202870115e-09,5.881544699191686,3.9816554696496542,0.5
3105,CNTNAP5_code_potential_somatic,ENSG00000184486,3105,1.0,2.583471729048669,-0.3063553985656969,2.2632284740381152e-13,-3.5131916630382447,1.6713818496778228,1.0
3101,CNTNAP5_code_potential_somatic,ENSG00000184486,3101,1.0,2.583471729048669,-0.39465227711252515,7.232332742464199e-22,-3.5156225943526382,1.578571250730531,1.0
2573,CNTNAP5_code_potential_somatic,ENSG00000196767,2573,1.0,1.626085095037201,0.26674875893595645,2.217013653054731e-10,3.6038499750350854,1.6539961860780361,1.0
2161,CNTNAP5_code_potential_somatic,ENSG00000124766,2161,-1.0,1.7226022331381858,0.18270138401090813,1.6816850120338833e-05,-3.355774473870238,1.4748920775519037,0.5
2158,CNTNAP5_code_potential_somatic,ENSG00000124766,2158,-1.0,1.7226022331381858,0.7488274069467211,1.3197331325854062e-99,-3.76842117693353,1.6664470757136591,0.5
2830,CNTNAP5_code_potential_somatic,ENSG00000126456,2830,1.0,2.1444030500330284,0.5963904193990348,4.371680359735945e-54,6.23093617061199,2.5142398342239116,1.0
2839,CNTNAP5_code_potential_somatic,ENSG00000126456,2839,1.0,2.1444030500330284,0.550806313360732,8.451690625511572e-45,3.5758469001918844,1.6234228653379812,1.0
