,Mutation,Regulator,Regulon,MutationRegulatorEdge,-log10(p)_MutationRegulatorEdge,RegulatorRegulon_Spearman_R,RegulatorRegulon_Spearman_p-value,Regulon_stratification_t-statistic,-log10(p)_Regulon_stratification,Fraction_of_edges_correctly_aligned
2293,CREB3L3_code_potential_somatic,ENSG00000118689,2293,1.0,1.572308629550001,0.392797362255363,1.1647381014347199e-21,4.923134249687718,1.6809103536884158,1.0
251,CREB3L3_code_potential_somatic,ENSG00000177606,251,1.0,1.9024255632513771,0.7020705437872713,1.4989788859365892e-82,5.1045320523731075,1.6495053692656834,1.0
240,CREB3L3_code_potential_somatic,ENSG00000177606,240,1.0,1.9024255632513771,0.350644608069937,2.6805473372420744e-17,3.595026030606265,2.146806512257081,1.0
3031,CREB3L3_code_potential_somatic,ENSG00000166949,3031,1.0,1.8472976601784115,0.36732804976462824,6.000062510517205e-19,4.749184253372103,1.532100526183989,1.0
1200,CREB3L3_code_potential_somatic,ENSG00000100811,1200,1.0,2.23656959696818,0.3719153873565801,2.02867539310328e-19,6.117025397547703,5.6585401448900985,1.0
