,Mutation,Regulator,Regulon,MutationRegulatorEdge,-log10(p)_MutationRegulatorEdge,RegulatorRegulon_Spearman_R,RegulatorRegulon_Spearman_p-value,Regulon_stratification_t-statistic,-log10(p)_Regulon_stratification,Fraction_of_edges_correctly_aligned
2282,CSMD1_code_potential_somatic,ENSG00000118689,2282,1.0,1.4092633476461576,0.2465471187968765,4.949360656703986e-09,3.1058945815477217,1.415685991824447,1.0
2289,CSMD1_code_potential_somatic,ENSG00000118689,2289,1.0,1.4092633476461576,0.6409212826432166,1.0255208479425349e-64,3.930239912150335,1.6893552788062531,1.0
2049,CSMD1_code_potential_somatic,ENSG00000054598,2049,1.0,1.7142171485214845,0.25671013881818777,1.072734585399716e-09,3.930239912150335,1.6893552788062531,1.0
