,Mutation,Regulator,Regulon,MutationRegulatorEdge,-log10(p)_MutationRegulatorEdge,RegulatorRegulon_Spearman_R,RegulatorRegulon_Spearman_p-value,Regulon_stratification_t-statistic,-log10(p)_Regulon_stratification,Fraction_of_edges_correctly_aligned
366,CXCR3_MEDIATED_SIGNALING_EVENTS_PID_NCI_NATURE_nonsilent_somatic,ENSG00000163497,366,-1.0,2.880624994050027,0.2894018731355593,4.928790824080555e-12,-4.107771581272574,3.9353873026758235,1.0
3399,CXCR3_MEDIATED_SIGNALING_EVENTS_PID_NCI_NATURE_nonsilent_somatic,ENSG00000120149,3399,-1.0,3.849757166502843,0.12252588389376366,0.004071887528659675,-2.8933415647375225,2.2792817840903576,1.0
3398,CXCR3_MEDIATED_SIGNALING_EVENTS_PID_NCI_NATURE_nonsilent_somatic,ENSG00000120149,3398,-1.0,3.849757166502843,0.19005162450158916,7.473825507774001e-06,-3.9983975107676946,3.696718941188555,1.0
3393,CXCR3_MEDIATED_SIGNALING_EVENTS_PID_NCI_NATURE_nonsilent_somatic,ENSG00000120149,3393,-1.0,3.849757166502843,0.1356500737175161,0.0014577784066699124,-2.6162322466508874,1.9381664225270303,1.0
851,CXCR3_MEDIATED_SIGNALING_EVENTS_PID_NCI_NATURE_nonsilent_somatic,ENSG00000113580,851,1.0,1.8104123117614452,-0.33467030416068094,8.291506310731383e-16,-3.7446227716502696,3.451230138916585,1.0
