,Mutation,Regulator,Regulon,MutationRegulatorEdge,-log10(p)_MutationRegulatorEdge,RegulatorRegulon_Spearman_R,RegulatorRegulon_Spearman_p-value,Regulon_stratification_t-statistic,-log10(p)_Regulon_stratification,Fraction_of_edges_correctly_aligned
1438,DBR1_code_potential_somatic,ENSG00000221869,1438,1.0,1.5680349528932456,0.49272796519311113,7.33827605604778e-35,4.80444821405332,1.5598049601015471,1.0
2528,DBR1_code_potential_somatic,ENSG00000112333,2528,1.0,3.0003562325867996,0.5900396803607918,1.0560480916954014e-52,8.158875926604013,2.795339624367114,1.0
3279,DBR1_code_potential_somatic,ENSG00000137309,3279,1.0,4.762178785579065,0.3323390820526742,1.3458795360021517e-15,3.9468213606506772,1.483795885116104,1.0
127,DBR1_code_potential_somatic,ENSG00000196843,127,1.0,2.4241739111159837,0.43323498740724425,1.76496031445562e-26,5.399362738688135,1.656009236340409,1.0
547,DBR1_code_potential_somatic,ENSG00000169136,547,1.0,1.6989209878167115,0.18394975818948414,1.4685582850237537e-05,4.115373754050338,1.3238889582573081,1.0
