,Mutation,Regulator,Regulon,MutationRegulatorEdge,-log10(p)_MutationRegulatorEdge,RegulatorRegulon_Spearman_R,RegulatorRegulon_Spearman_p-value,Regulon_stratification_t-statistic,-log10(p)_Regulon_stratification,Fraction_of_edges_correctly_aligned
1245,DDX11L2_code_potential_somatic,ENSG00000151702,1245,-1.0,1.5593341925303905,0.4636356695795641,1.4786817131922358e-30,-3.1215218757128236,1.6476113961798609,1.0
1238,DDX11L2_code_potential_somatic,ENSG00000151702,1238,-1.0,1.5593341925303905,0.6335156236726455,7.943540603589842e-63,-3.581000884778168,1.745044133269756,1.0
3105,DDX11L2_code_potential_somatic,ENSG00000184486,3105,1.0,1.5372287549948682,-0.3063553985656969,2.2632284740381152e-13,-2.867104880269743,1.40288456213209,1.0
3723,DDX11L2_code_potential_somatic,ENSG00000116833,3723,-1.0,1.696767401285151,0.3002161976987185,7.070331430128586e-13,-2.883202486984182,1.3957567621944302,1.0
3393,DDX11L2_code_potential_somatic,ENSG00000120149,3393,-1.0,1.468838954610894,0.1356500737175161,0.0014577784066699124,-3.5676316349682327,1.9123008520013272,1.0
3376,DDX11L2_code_potential_somatic,ENSG00000137273,3376,-1.0,1.5143549070412716,0.4518914728241265,6.218274453371455e-29,-3.289453207300578,1.586045031536422,1.0
