,Mutation,Regulator,Regulon,MutationRegulatorEdge,-log10(p)_MutationRegulatorEdge,RegulatorRegulon_Spearman_R,RegulatorRegulon_Spearman_p-value,Regulon_stratification_t-statistic,-log10(p)_Regulon_stratification,Fraction_of_edges_correctly_aligned
2815,DNAH8_code_potential_somatic,ENSG00000277615,2815,-1.0,1.750503266601516,0.1397222382036479,0.0010401139477505266,-2.7679068724717615,1.7339100138663541,1.0
2816,DNAH8_code_potential_somatic,ENSG00000277615,2816,-1.0,1.750503266601516,0.4503918195906806,9.920017737330212e-29,-4.740159936706985,3.5425282026354856,1.0
884,DNAH8_code_potential_somatic,ENSG00000139083,884,-1.0,1.3042688591453668,-0.21474923465985488,3.8749813925423966e-07,2.2275988607030768,1.318757547462611,1.0
889,DNAH8_code_potential_somatic,ENSG00000139083,889,-1.0,1.3042688591453668,0.37569040670382775,8.203038178775998e-20,-2.3046336359648825,1.3792368015467804,1.0
