,Mutation,Regulator,Regulon,MutationRegulatorEdge,-log10(p)_MutationRegulatorEdge,RegulatorRegulon_Spearman_R,RegulatorRegulon_Spearman_p-value,Regulon_stratification_t-statistic,-log10(p)_Regulon_stratification,Fraction_of_edges_correctly_aligned
3735,DNAH2_code_potential_somatic,ENSG00000124813,3735,-1.0,1.6663123704030522,0.5087771569692713,2.0327063980921514e-37,-4.777155037030057,3.7926759563528933,1.0
3732,DNAH2_code_potential_somatic,ENSG00000124813,3732,-1.0,1.6663123704030522,-0.3372225439167754,4.855718893078514e-16,2.813183465693795,1.851847818724196,1.0
1606,DNAH2_code_potential_somatic,ENSG00000112592,1606,1.0,1.6175984848713019,0.41310313080139427,5.347482013806556e-24,2.3477875884705672,1.4990719422353533,1.0
