,Mutation,Regulator,Regulon,MutationRegulatorEdge,-log10(p)_MutationRegulatorEdge,RegulatorRegulon_Spearman_R,RegulatorRegulon_Spearman_p-value,Regulon_stratification_t-statistic,-log10(p)_Regulon_stratification,Fraction_of_edges_correctly_aligned
2641,DSG3_code_potential_somatic,ENSG00000126767,2641,-1.0,1.6780363441497914,0.143583739547145,0.0007489126533620584,-3.6914186519261127,1.9903590875374215,1.0
711,DSG3_code_potential_somatic,ENSG00000168310,711,-1.0,2.8542668308672434,0.4872937457255763,5.026785092021973e-34,-5.10201092628474,2.8249085813550714,1.0
975,DSG3_code_potential_somatic,ENSG00000066136,975,-1.0,1.8104975927814155,0.45642149604082355,1.495516009088608e-29,-3.439718728898915,1.8963079664177094,1.0
977,DSG3_code_potential_somatic,ENSG00000066136,977,-1.0,1.8104975927814155,0.41230138581930065,6.661055322068451e-24,-3.5532076026779835,1.8540295340354889,1.0
2842,DSG3_code_potential_somatic,ENSG00000126456,2842,-1.0,1.3347097509992305,0.32772622279235203,3.4674772664658304e-15,-3.5590912108211823,1.9803885173148408,1.0
2830,DSG3_code_potential_somatic,ENSG00000126456,2830,-1.0,1.3347097509992305,0.5963904193990348,4.371680359735945e-54,-2.625851121786708,1.371078271900064,1.0
2828,DSG3_code_potential_somatic,ENSG00000126456,2828,-1.0,1.3347097509992305,0.38706935192535835,4.9781342622690785e-21,-2.827190265903153,1.4713593937969844,1.0
774,DSG3_code_potential_somatic,ENSG00000115415,774,-1.0,1.8845105994665834,0.3815829953352953,1.9487998059167778e-20,-2.389917780123368,1.317971459570805,1.0
2945,DSG3_code_potential_somatic,ENSG00000152977,2945,-1.0,1.4120049476778807,0.16847021005135182,7.396956980775913e-05,-6.031941522225352,3.574087097895584,1.0
