,Mutation,Regulator,Regulon,MutationRegulatorEdge,-log10(p)_MutationRegulatorEdge,RegulatorRegulon_Spearman_R,RegulatorRegulon_Spearman_p-value,Regulon_stratification_t-statistic,-log10(p)_Regulon_stratification,Fraction_of_edges_correctly_aligned
509,FCGBP_code_potential_somatic,ENSG00000120690,509,1.0,1.5335243061818649,0.5888866843028687,1.8685424437953998e-52,2.23716372644837,1.328482468159772,1.0
3403,FCGBP_code_potential_somatic,ENSG00000170345,3403,1.0,1.9069063193306763,0.34933979454473607,3.57439566177241e-17,2.1888739686291996,1.3029273579965235,1.0
3402,FCGBP_code_potential_somatic,ENSG00000170345,3402,1.0,1.9069063193306763,0.4480942131658704,2.0199389161105173e-28,3.404804474329562,2.3059993457244845,1.0
3096,FCGBP_code_potential_somatic,ENSG00000005073,3096,-1.0,1.3219187605622473,-0.33783656470820816,4.2660343139718034e-16,2.5823829330977075,1.5981249778703062,1.0
3122,FCGBP_code_potential_somatic,ENSG00000156273,3122,1.0,1.4897483452739029,0.33185934760636293,1.4861951882079704e-15,2.231236023917896,1.3191048511414178,1.0
3126,FCGBP_code_potential_somatic,ENSG00000156273,3126,1.0,1.4897483452739029,0.43720630484378664,5.460383802447342e-27,2.4782820016221,1.5259767188955822,1.0
