,Mutation,Regulator,Regulon,MutationRegulatorEdge,-log10(p)_MutationRegulatorEdge,RegulatorRegulon_Spearman_R,RegulatorRegulon_Spearman_p-value,Regulon_stratification_t-statistic,-log10(p)_Regulon_stratification,Fraction_of_edges_correctly_aligned
3574,FGB_code_potential_somatic,ENSG00000253293,3574,-1.0,1.9079490178834648,0.29086017283127985,3.811496087124064e-12,-4.52412392562995,1.485196989838635,1.0
2451,FGB_code_potential_somatic,ENSG00000160199,2451,-1.0,1.8580221936280954,0.3312488692989424,1.6856757292169836e-15,-4.117697408031679,1.3630883340977908,1.0
2,FGB_code_potential_somatic,ENSG00000147862,2,-1.0,1.86032893858656,0.24885281923651273,3.5191623201939226e-09,-3.61816925278507,1.4395534990974161,1.0
943,FGB_code_potential_somatic,ENSG00000112242,943,-1.0,1.3568069203395872,0.4906530535545961,1.5362166371506275e-34,-3.69851752749162,2.060810584778333,1.0
1349,FGB_code_potential_somatic,ENSG00000182944,1349,1.0,1.3289477415052409,0.18725627262450328,1.0211826894705243e-05,4.538647092322526,1.6290786165765199,0.5
2353,FGB_code_potential_somatic,ENSG00000155959,2353,-1.0,1.642361742602483,0.5774814882224429,4.679188468862829e-50,-3.7057205289278614,1.7767363210239866,1.0
920,FGB_code_potential_somatic,ENSG00000106459,920,1.0,1.6164546879353934,0.7131916472392081,2.6962513095890753e-86,2.999065581781731,1.3125291373219028,1.0
