,Mutation,Regulator,Regulon,MutationRegulatorEdge,-log10(p)_MutationRegulatorEdge,RegulatorRegulon_Spearman_R,RegulatorRegulon_Spearman_p-value,Regulon_stratification_t-statistic,-log10(p)_Regulon_stratification,Fraction_of_edges_correctly_aligned
3318,GLT8D2_code_potential_somatic,ENSG00000091831,3318,-1.0,1.5345198086756475,-0.3783348161422657,4.3194077751375884e-20,4.600975199789515,1.4193195297880987,1.0
458,GLT8D2_code_potential_somatic,ENSG00000172216,458,-1.0,1.9164388976279352,0.6437152490583052,1.92593106774297e-65,-3.6220660212325897,1.3267832165513886,0.5
3714,GLT8D2_code_potential_somatic,ENSG00000163435,3714,-1.0,1.9497447347702792,-0.12412638417679896,0.0036102202896085302,6.991232556725023,2.5837237273659306,1.0
3717,GLT8D2_code_potential_somatic,ENSG00000163435,3717,-1.0,1.9497447347702792,0.32730183390687817,3.779874815497097e-15,-6.044993264430373,1.9175788414926558,1.0
