,Mutation,Regulator,Regulon,MutationRegulatorEdge,-log10(p)_MutationRegulatorEdge,RegulatorRegulon_Spearman_R,RegulatorRegulon_Spearman_p-value,Regulon_stratification_t-statistic,-log10(p)_Regulon_stratification,Fraction_of_edges_correctly_aligned
3418,GOLGB1_code_potential_somatic,ENSG00000100393,3418,1.0,3.3689525304081664,0.4573433387023632,1.1161228377162261e-29,6.146466185873725,2.144530897915549,1.0
3527,GOLGB1_code_potential_somatic,ENSG00000153234,3527,-1.0,1.4204620747906267,-0.22124238460760476,1.674119717862335e-07,4.782719686786618,1.6979012048493727,1.0
2287,GOLGB1_code_potential_somatic,ENSG00000118689,2287,1.0,1.3490626929338603,0.2270453557235659,7.735695757526688e-08,3.029174771373946,1.3147573036193634,0.6666666666666666
2289,GOLGB1_code_potential_somatic,ENSG00000118689,2289,1.0,1.3490626929338603,0.6409212826432166,1.0255208479425349e-64,3.238943208983377,1.6221662931137746,0.6666666666666666
1907,GOLGB1_code_potential_somatic,ENSG00000167034,1907,-1.0,1.7964268465411213,-0.34341132973944494,1.2994050754954937e-16,4.031927966667586,1.5979728037937242,1.0
1904,GOLGB1_code_potential_somatic,ENSG00000167034,1904,-1.0,1.7964268465411213,-0.31458496991031765,4.710989055306956e-14,3.9189449648049184,1.5625495232706037,1.0
683,GOLGB1_code_potential_somatic,ENSG00000188786,683,1.0,4.309232398807945,0.5801837953885554,1.2893418962724247e-50,3.8415707358689195,3.4030585824892863,0.5
