,Mutation,Regulator,Regulon,MutationRegulatorEdge,-log10(p)_MutationRegulatorEdge,RegulatorRegulon_Spearman_R,RegulatorRegulon_Spearman_p-value,Regulon_stratification_t-statistic,-log10(p)_Regulon_stratification,Fraction_of_edges_correctly_aligned
366,HEMGN_code_potential_somatic,ENSG00000163497,366,-1.0,2.4513034149379127,0.2894018731355593,4.928790824080555e-12,-3.4052686507354575,1.7054926532212107,1.0
1179,HEMGN_code_potential_somatic,ENSG00000198911,1179,-1.0,1.3048575856339186,0.2602937456526573,6.157000178207064e-10,-3.6070441397054043,1.3816921610463369,1.0
2158,HEMGN_code_potential_somatic,ENSG00000124766,2158,-1.0,1.4250019604533537,0.7488274069467211,1.3197331325854062e-99,-5.215387862395559,2.683333583552565,1.0
1374,HEMGN_code_potential_somatic,ENSG00000173153,1374,-1.0,4.567893831113449,0.2914745887675346,3.418727075670411e-12,-4.685164048518396,4.868899422747303,1.0
