,Mutation,Regulator,Regulon,MutationRegulatorEdge,-log10(p)_MutationRegulatorEdge,RegulatorRegulon_Spearman_R,RegulatorRegulon_Spearman_p-value,Regulon_stratification_t-statistic,-log10(p)_Regulon_stratification,Fraction_of_edges_correctly_aligned
3052,HNF4A_code_potential_somatic,ENSG00000124782,3052,-1.0,1.4736135897055576,-0.33779743772658233,4.301413147830727e-16,3.2604903642760625,1.4096610477742804,1.0
2459,HNF4A_code_potential_somatic,ENSG00000071794,2459,1.0,1.8876270891768119,0.2560222204770262,1.1922324735613492e-09,3.9947325080527256,1.73222378392136,1.0
3577,HNF4A_code_potential_somatic,ENSG00000134138,3577,1.0,1.4503080420937258,0.6019454657365405,2.5430605829568647e-55,4.762054508514428,3.133189593565794,1.0
3499,HNF4A_code_potential_somatic,ENSG00000108813,3499,-1.0,2.592137938272181,-0.3648753994675776,1.0638107496360162e-18,3.5279081169868856,1.5174595222596519,1.0
2592,HNF4A_code_potential_somatic,ENSG00000185630,2592,1.0,1.4397224124179928,0.2908792776230314,3.798643919702454e-12,3.9034307107952126,1.6712968946502975,1.0
333,HNF4A_code_potential_somatic,ENSG00000134532,333,1.0,1.4590092772909486,0.3372906503117982,4.786552816987904e-16,3.7338151728730895,1.8876270891768119,1.0
