,Mutation,Regulator,Regulon,MutationRegulatorEdge,-log10(p)_MutationRegulatorEdge,RegulatorRegulon_Spearman_R,RegulatorRegulon_Spearman_p-value,Regulon_stratification_t-statistic,-log10(p)_Regulon_stratification,Fraction_of_edges_correctly_aligned
371,HSD17B7P2_code_potential_somatic,ENSG00000112561,371,-1.0,1.5637050562204606,0.3455223363089412,8.232171146233444e-17,-2.2541521791829386,1.4431975809572288,1.0
12,HSD17B7P2_code_potential_somatic,ENSG00000126351,12,-1.0,1.3915602900217086,0.47919761624700663,8.296253055498482e-33,-2.136010049338755,1.32874232891363,1.0
7,HSD17B7P2_code_potential_somatic,ENSG00000126351,7,-1.0,1.3915602900217086,0.5924389359447688,3.1973683806405464e-53,-2.7870016152269597,1.9701282007403742,1.0
1548,HSD17B7P2_code_potential_somatic,ENSG00000123364,1548,1.0,1.9808536488527142,0.45285051907844587,4.607026336387008e-29,3.7132628449048197,2.8166575919491663,1.0
956,HSD17B7P2_code_potential_somatic,ENSG00000129173,956,1.0,1.9261247798888117,0.7719811749257338,1.5861341031969156e-109,2.7238148782966713,1.8721963117449518,1.0
3632,HSD17B7P2_code_potential_somatic,ENSG00000076604,3632,1.0,1.4239776587435269,-0.23051455256468342,4.8274122223221734e-08,-2.728899470494559,1.9099529542767006,1.0
916,HSD17B7P2_code_potential_somatic,ENSG00000101057,916,1.0,1.9362103750086712,0.8137042900539069,9.46897652452271e-131,3.1505834181068155,2.275982412454112,1.0
