,Mutation,Regulator,Regulon,MutationRegulatorEdge,-log10(p)_MutationRegulatorEdge,RegulatorRegulon_Spearman_R,RegulatorRegulon_Spearman_p-value,Regulon_stratification_t-statistic,-log10(p)_Regulon_stratification,Fraction_of_edges_correctly_aligned
3753,KCNS2_code_potential_somatic,ENSG00000177374,3753,-1.0,1.3038311278965273,-0.2563488249131151,1.1339672987923748e-09,6.242898111410788,2.152709368425725,1.0
3267,KCNS2_code_potential_somatic,ENSG00000118922,3267,-1.0,1.6123277596023466,-0.42594184253466044,1.4623221067978944e-25,7.4930991408693215,2.1593625360547346,1.0
3707,KCNS2_code_potential_somatic,ENSG00000122592,3707,-1.0,1.3786569388484453,0.3274069567135064,3.700010469127915e-15,-4.501027856314789,1.8252629934389666,1.0
1053,KCNS2_code_potential_somatic,ENSG00000005889,1053,1.0,4.140311865486227,0.1936269185640751,4.980275255267675e-06,3.2411896044285546,1.491799067164126,1.0
647,KCNS2_code_potential_somatic,ENSG00000071564,647,-1.0,2.321834955589547,0.4828563297055376,2.358669041809324e-33,-4.623015595690588,1.6219399500337202,1.0
