,Mutation,Regulator,Regulon,MutationRegulatorEdge,-log10(p)_MutationRegulatorEdge,RegulatorRegulon_Spearman_R,RegulatorRegulon_Spearman_p-value,Regulon_stratification_t-statistic,-log10(p)_Regulon_stratification,Fraction_of_edges_correctly_aligned
1576,KIAA1598_code_potential_somatic,ENSG00000105866,1576,-1.0,2.2476422246069667,-0.2080037847905003,9.017529783655651e-07,5.458613947955169,1.8352421044176783,1.0
2271,KIAA1598_code_potential_somatic,ENSG00000165030,2271,1.0,1.5357060748425047,0.30018856137782596,7.106249076341316e-13,3.963329664596391,1.3024450145277153,1.0
3488,KIAA1598_code_potential_somatic,ENSG00000129654,3488,1.0,1.9845444067887128,0.24280294420883083,8.548763182720771e-09,4.766226016431414,1.793987571589357,1.0
