,Mutation,Regulator,Regulon,MutationRegulatorEdge,-log10(p)_MutationRegulatorEdge,RegulatorRegulon_Spearman_R,RegulatorRegulon_Spearman_p-value,Regulon_stratification_t-statistic,-log10(p)_Regulon_stratification,Fraction_of_edges_correctly_aligned
2299,KIAA1751_code_potential_somatic,ENSG00000118689,2299,-1.0,1.6425638252176331,0.36883849501784227,4.20652943028005e-19,-4.885262246820898,2.7766937257962714,1.0
2289,KIAA1751_code_potential_somatic,ENSG00000118689,2289,-1.0,1.6425638252176331,0.6409212826432166,1.0255208479425349e-64,-3.5233506553959626,1.9297764888543478,1.0
1133,KIAA1751_code_potential_somatic,ENSG00000165804,1133,1.0,1.6757412567709402,0.42173798623973724,4.833792871565858e-25,2.6387146899429688,1.3023219872689888,1.0
