,Mutation,Regulator,Regulon,MutationRegulatorEdge,-log10(p)_MutationRegulatorEdge,RegulatorRegulon_Spearman_R,RegulatorRegulon_Spearman_p-value,Regulon_stratification_t-statistic,-log10(p)_Regulon_stratification,Fraction_of_edges_correctly_aligned
3526,KIAA2022_code_potential_somatic,ENSG00000153234,3526,-1.0,2.0108883329787086,0.28253318163253655,1.6218199881278203e-11,-3.5374636567788196,1.645393765343677,1.0
3525,KIAA2022_code_potential_somatic,ENSG00000153234,3525,-1.0,2.0108883329787086,0.18073526759870343,2.0779665810347115e-05,-3.3174944678861724,1.3015720178104095,1.0
3605,KIAA2022_code_potential_somatic,ENSG00000166478,3605,1.0,1.458057784037216,0.39306366263504516,1.0879228904513919e-21,3.8130337603673685,1.4218582885744657,1.0
