,Mutation,Regulator,Regulon,MutationRegulatorEdge,-log10(p)_MutationRegulatorEdge,RegulatorRegulon_Spearman_R,RegulatorRegulon_Spearman_p-value,Regulon_stratification_t-statistic,-log10(p)_Regulon_stratification,Fraction_of_edges_correctly_aligned
3577,KIF13A_code_potential_somatic,ENSG00000134138,3577,1.0,1.3950893234318615,0.6019454657365405,2.5430605829568647e-55,2.494882699858291,1.4173347398316172,1.0
3552,KIF13A_code_potential_somatic,ENSG00000167157,3552,-1.0,1.3482660148624308,-0.3878530493662969,4.0877649762604634e-21,7.738358137989434,9.769832898688199,1.0
2587,KIF13A_code_potential_somatic,ENSG00000185630,2587,1.0,1.6885335271198438,-0.3426236581344813,1.5393022990037594e-16,-3.8457431612251938,2.736504304144842,1.0
2591,KIF13A_code_potential_somatic,ENSG00000185630,2591,1.0,1.6885335271198438,0.39405105952477054,8.443041094817708e-22,2.5776521857165804,1.3855382418942066,1.0
