,Mutation,Regulator,Regulon,MutationRegulatorEdge,-log10(p)_MutationRegulatorEdge,RegulatorRegulon_Spearman_R,RegulatorRegulon_Spearman_p-value,Regulon_stratification_t-statistic,-log10(p)_Regulon_stratification,Fraction_of_edges_correctly_aligned
288,MAN2B1_code_potential_somatic,ENSG00000072310,288,-1.0,1.4414551427194513,0.5114015136682754,7.53010353623837e-38,-4.549263250154981,2.345799848112375,1.0
3363,MAN2B1_code_potential_somatic,ENSG00000105516,3363,-1.0,1.3131104557975872,0.40384926552648986,6.51105186434234e-23,-3.9306796539594977,1.9225322302372143,1.0
1361,MAN2B1_code_potential_somatic,ENSG00000173153,1361,-1.0,1.4516382748422436,0.1917439298717055,6.17314799274213e-06,-6.045260940665715,2.879445627270955,1.0
1374,MAN2B1_code_potential_somatic,ENSG00000173153,1374,-1.0,1.4516382748422436,0.2914745887675346,3.418727075670411e-12,-2.7009078195653933,1.3131104557975872,1.0
3398,MAN2B1_code_potential_somatic,ENSG00000120149,3398,-1.0,1.4103378674650606,0.19005162450158916,7.473825507774001e-06,-2.618686989223015,1.4307926000779978,1.0
3393,MAN2B1_code_potential_somatic,ENSG00000120149,3393,-1.0,1.4103378674650606,0.1356500737175161,0.0014577784066699124,-3.391608234022621,1.8399325401379383,1.0
