,Mutation,Regulator,Regulon,MutationRegulatorEdge,-log10(p)_MutationRegulatorEdge,RegulatorRegulon_Spearman_R,RegulatorRegulon_Spearman_p-value,Regulon_stratification_t-statistic,-log10(p)_Regulon_stratification,Fraction_of_edges_correctly_aligned
2607,MC3R_code_potential_somatic,ENSG00000196482,2607,1.0,2.308848010541592,0.4543449801831537,2.881577974829384e-29,4.177969820200229,2.622983571501219,1.0
887,MC3R_code_potential_somatic,ENSG00000139083,887,1.0,1.493276274235008,-0.2978660166370652,1.0857836483659426e-12,-11.495012903908249,9.164881300414741,1.0
1548,MC3R_code_potential_somatic,ENSG00000123364,1548,-1.0,2.4031482240515727,0.45285051907844587,4.607026336387008e-29,-8.216646017874687,4.093443052049598,1.0
3747,MC3R_code_potential_somatic,ENSG00000128713,3747,-1.0,2.855255444350042,0.20962182423660516,7.382282688778823e-07,-5.367559195759717,2.2260845525139477,1.0
3638,MC3R_code_potential_somatic,ENSG00000076604,3638,-1.0,3.6414676000511057,-0.32362707825680004,7.932812879565234e-15,3.900107235777978,1.7604948383002168,1.0
2565,MC3R_code_potential_somatic,ENSG00000175745,2565,1.0,1.796107043120555,0.4047934943371429,5.0633719300263606e-23,4.8314725278529025,2.0303071278653313,1.0
2555,MC3R_code_potential_somatic,ENSG00000263001,2555,1.0,2.8370405448383527,0.3912295297078418,1.738316443998018e-21,3.23145352130598,1.3875923438101048,1.0
3449,MC3R_code_potential_somatic,ENSG00000278129,3449,-1.0,1.947220064054955,0.1977392614481272,3.093345552587242e-06,-4.427061463775294,1.7976691498341064,1.0
1196,MC3R_code_potential_somatic,ENSG00000100811,1196,-1.0,1.3835589162573303,0.2533000064095847,1.8053288996031066e-09,-4.621629714166404,1.8289659441760637,1.0
