,Mutation,Regulator,Regulon,MutationRegulatorEdge,-log10(p)_MutationRegulatorEdge,RegulatorRegulon_Spearman_R,RegulatorRegulon_Spearman_p-value,Regulon_stratification_t-statistic,-log10(p)_Regulon_stratification,Fraction_of_edges_correctly_aligned
2894,MYO1A_code_potential_somatic,ENSG00000183918,2894,-1.0,1.6122595526945702,-0.4147288664466925,3.419186821723198e-24,3.0626882719751096,1.7093174946030512,1.0
3681,MYO1A_code_potential_somatic,ENSG00000106689,3681,1.0,1.4705528114821866,-0.07279895480746928,0.08865267595093068,-5.3602310829270365,6.2707425981797265,1.0
3684,MYO1A_code_potential_somatic,ENSG00000106689,3684,1.0,1.4705528114821866,0.21229703984377238,5.284549734916635e-07,3.8462123404543784,1.9015623729925986,1.0
560,MYO1A_code_potential_somatic,ENSG00000181449,560,1.0,1.4598983756085975,0.7759856705311577,2.31757765165303e-111,3.7358407009048844,2.235134029043223,1.0
1472,MYO1A_code_potential_somatic,ENSG00000087510,1472,-1.0,1.7922941756701212,0.34614519122009924,7.190152436748869e-17,-2.14637281797112,1.3170704372064013,1.0
1060,MYO1A_code_potential_somatic,ENSG00000005889,1060,-1.0,1.3293729574731492,0.25253581473952186,2.0265861201331502e-09,-3.80983815268316,1.8139568534994788,1.0
1049,MYO1A_code_potential_somatic,ENSG00000005889,1049,-1.0,1.3293729574731492,0.3163151202686747,3.3658338495194005e-14,-2.5096393903724956,1.3578109914840335,1.0
1050,MYO1A_code_potential_somatic,ENSG00000005889,1050,-1.0,1.3293729574731492,0.3807808857579393,2.3740252103854845e-20,-3.5967979510725216,1.604952307402517,1.0
