,Mutation,Regulator,Regulon,MutationRegulatorEdge,-log10(p)_MutationRegulatorEdge,RegulatorRegulon_Spearman_R,RegulatorRegulon_Spearman_p-value,Regulon_stratification_t-statistic,-log10(p)_Regulon_stratification,Fraction_of_edges_correctly_aligned
514,NBEA_code_potential_somatic,ENSG00000120690,514,-1.0,1.399020069351128,0.720242482100378,9.169289141148163e-89,-2.9635706171032186,1.4936018370253679,1.0
522,NBEA_code_potential_somatic,ENSG00000120690,522,-1.0,1.399020069351128,0.5149455254572445,1.9427218299118388e-38,-3.1367395339753834,1.5066405453600449,1.0
2102,NBEA_code_potential_somatic,ENSG00000105856,2102,-1.0,2.6230978655807426,0.1128094930689347,0.008212297692751785,-3.2527586845332497,1.593322531911027,1.0
2098,NBEA_code_potential_somatic,ENSG00000105856,2098,-1.0,2.6230978655807426,0.38110100039835687,2.1943428122448814e-20,-4.048354826566932,1.9624611022665992,1.0
358,NBEA_code_potential_somatic,ENSG00000173039,358,-1.0,1.5650471779517914,0.563718527498905,2.7670601494996506e-47,-3.0153099245971346,1.469220377200339,1.0
782,NBEA_code_potential_somatic,ENSG00000115415,782,-1.0,1.6335144552342107,0.30686422771395055,2.0568397797644438e-13,-4.6307134021237575,2.370683280522359,1.0
1835,NBEA_code_potential_somatic,ENSG00000112658,1835,-1.0,1.4661359491639392,0.3052312055335061,2.7937853788989866e-13,-2.707125757083225,1.3046958519074803,1.0
1839,NBEA_code_potential_somatic,ENSG00000112658,1839,-1.0,1.4661359491639392,0.43930433182194023,2.919581539654522e-27,-3.3644223270069284,1.6639412546227867,1.0
1328,NBEA_code_potential_somatic,ENSG00000116044,1328,-1.0,1.4830915535620917,0.2384029356627179,1.60644630111735e-08,-2.4536305130105807,1.371492291168136,1.0
