,Mutation,Regulator,Regulon,MutationRegulatorEdge,-log10(p)_MutationRegulatorEdge,RegulatorRegulon_Spearman_R,RegulatorRegulon_Spearman_p-value,Regulon_stratification_t-statistic,-log10(p)_Regulon_stratification,Fraction_of_edges_correctly_aligned
3244,NBPF1_code_potential_somatic,ENSG00000025434,3244,1.0,1.3915083183967876,0.23516102750820214,2.536933644560716e-08,4.298308001589318,1.9857300613384903,1.0
3608,NBPF1_code_potential_somatic,ENSG00000166478,3608,1.0,2.5800760479083906,0.22525395336111992,9.839449387651917e-08,2.443005686350921,1.3702860072251888,1.0
2949,NBPF1_code_potential_somatic,ENSG00000169016,2949,1.0,1.5358939725161087,0.466859931323378,5.163465035177099e-31,2.7618236602471145,1.7729536563219706,1.0
2155,NBPF1_code_potential_somatic,ENSG00000125798,2155,1.0,1.3119076118398603,0.12873016159110248,0.0025345509255886084,7.055096334663662,2.1589877912101554,1.0
2356,NBPF1_code_potential_somatic,ENSG00000155959,2356,1.0,5.357971525816779,0.1364572147094938,0.001364402506278304,4.279379984871684,1.428105200263692,1.0
2353,NBPF1_code_potential_somatic,ENSG00000155959,2353,1.0,5.357971525816779,0.5774814882224429,4.679188468862829e-50,3.8537970083492405,1.3168063192358486,1.0
2352,NBPF1_code_potential_somatic,ENSG00000155959,2352,1.0,5.357971525816779,0.13344325151305214,0.0017438673834754119,3.7612449408696387,1.3742868417639966,1.0
