,Mutation,Regulator,Regulon,MutationRegulatorEdge,-log10(p)_MutationRegulatorEdge,RegulatorRegulon_Spearman_R,RegulatorRegulon_Spearman_p-value,Regulon_stratification_t-statistic,-log10(p)_Regulon_stratification,Fraction_of_edges_correctly_aligned
3753,NLRP3_code_potential_somatic,ENSG00000177374,3753,-1.0,4.708561219103847,-0.2563488249131151,1.1339672987923748e-09,2.3857904057047845,1.3072827479581715,1.0
79,NLRP3_code_potential_somatic,ENSG00000213928,79,1.0,1.4234862217931463,0.2440314844051304,7.1524069988457364e-09,3.458375922878147,1.8356501359744555,1.0
1468,NLRP3_code_potential_somatic,ENSG00000087510,1468,-1.0,1.803626008558324,-0.18611749072033038,1.1581350746032441e-05,2.7204684817950686,1.4513841566079295,1.0
3399,NLRP3_code_potential_somatic,ENSG00000120149,3399,-1.0,1.58655979770865,0.12252588389376366,0.004071887528659675,-4.356726345630333,3.527296719293802,1.0
