,Mutation,Regulator,Regulon,MutationRegulatorEdge,-log10(p)_MutationRegulatorEdge,RegulatorRegulon_Spearman_R,RegulatorRegulon_Spearman_p-value,Regulon_stratification_t-statistic,-log10(p)_Regulon_stratification,Fraction_of_edges_correctly_aligned
3278,NLRP4_code_potential_somatic,ENSG00000137309,3278,-1.0,1.3426789305586806,0.2931512165413662,2.537451904370406e-12,-3.0905632745769798,1.3178162690065938,1.0
3279,NLRP4_code_potential_somatic,ENSG00000137309,3279,-1.0,1.3426789305586806,0.3323390820526742,1.3458795360021517e-15,-3.136285694049578,1.4733238366791002,1.0
2939,NLRP4_code_potential_somatic,ENSG00000152977,2939,-1.0,1.4377587327731152,0.3136123755882471,5.685638073288172e-14,-3.3121239392449655,1.3714060252260687,1.0
