,Mutation,Regulator,Regulon,MutationRegulatorEdge,-log10(p)_MutationRegulatorEdge,RegulatorRegulon_Spearman_R,RegulatorRegulon_Spearman_p-value,Regulon_stratification_t-statistic,-log10(p)_Regulon_stratification,Fraction_of_edges_correctly_aligned
2816,NMUR2_code_potential_somatic,ENSG00000277615,2816,1.0,2.492776200731116,0.4503918195906806,9.920017737330212e-29,3.6202953858390585,1.477853683710767,1.0
3599,NMUR2_code_potential_somatic,ENSG00000168779,3599,1.0,1.3443468815955006,0.4704775999320541,1.5647032113427093e-31,5.4819619443438,2.1393357255064087,1.0
2951,NMUR2_code_potential_somatic,ENSG00000099326,2951,1.0,2.473436748866108,0.461927978289373,2.5699245299049342e-30,4.497811340286772,1.8071572630535717,1.0
2952,NMUR2_code_potential_somatic,ENSG00000099326,2952,1.0,2.473436748866108,0.6748517573892705,4.433728282902681e-74,4.252336613733676,1.6715379393918917,1.0
3438,NMUR2_code_potential_somatic,ENSG00000175832,3438,1.0,1.5111521100472387,0.2747895428536886,5.974839450953323e-11,3.8248471173182446,1.5419018126881627,1.0
2045,NMUR2_code_potential_somatic,ENSG00000054598,2045,1.0,1.610156463215695,0.23762984786825161,1.7924637033273982e-08,5.7473402476525015,2.1546686448656187,1.0
3392,NMUR2_code_potential_somatic,ENSG00000120149,3392,-1.0,2.541654624816993,-0.3996362943500058,1.9801279135314082e-22,4.58374023219367,2.400807965642445,1.0
3398,NMUR2_code_potential_somatic,ENSG00000120149,3398,-1.0,2.541654624816993,0.19005162450158916,7.473825507774001e-06,-4.685089149864784,2.0306601565895517,1.0
3393,NMUR2_code_potential_somatic,ENSG00000120149,3393,-1.0,2.541654624816993,0.1356500737175161,0.0014577784066699124,-4.708163806590546,2.1036525076688988,1.0
