,Mutation,Regulator,Regulon,MutationRegulatorEdge,-log10(p)_MutationRegulatorEdge,RegulatorRegulon_Spearman_R,RegulatorRegulon_Spearman_p-value,Regulon_stratification_t-statistic,-log10(p)_Regulon_stratification,Fraction_of_edges_correctly_aligned
1505,NWD1_code_potential_somatic,ENSG00000165495,1505,-1.0,1.440931516987776,0.40147655247761804,1.2205230895498734e-22,-4.016322984868854,1.3592241357398853,1.0
2098,NWD1_code_potential_somatic,ENSG00000105856,2098,1.0,1.4863229026754936,0.38110100039835687,2.1943428122448814e-20,3.884764487165836,1.811837630672793,1.0
1098,NWD1_code_potential_somatic,ENSG00000176887,1098,-1.0,1.4826781113899328,0.1800360468044064,2.2391581633883647e-05,-8.964051637110401,8.603624723577274,0.6666666666666666
1100,NWD1_code_potential_somatic,ENSG00000176887,1100,-1.0,1.4826781113899328,0.5747518364116476,1.6996917970202137e-49,-4.2358769443824995,1.4478070432700076,0.6666666666666666
196,NWD1_code_potential_somatic,ENSG00000125820,196,-1.0,1.5440579071769096,0.6110351173052444,2.1427077529094173e-57,-7.715162134287503,2.2900033098154484,1.0
545,NWD1_code_potential_somatic,ENSG00000169136,545,-1.0,1.4438260243115841,0.3903781268510046,2.1586116099870858e-21,-6.938243922584673,2.467375580570893,1.0
