,Mutation,Regulator,Regulon,MutationRegulatorEdge,-log10(p)_MutationRegulatorEdge,RegulatorRegulon_Spearman_R,RegulatorRegulon_Spearman_p-value,Regulon_stratification_t-statistic,-log10(p)_Regulon_stratification,Fraction_of_edges_correctly_aligned
3598,OR10S1_code_potential_somatic,ENSG00000168779,3598,-1.0,1.5787099403447733,0.2266405497352884,8.16925935622826e-08,-3.6355266382546207,1.3613471432709747,1.0
1538,OR10S1_code_potential_somatic,ENSG00000113916,1538,1.0,3.543185836121429,0.6841581243819654,7.158883160947051e-77,7.35395738399491,4.047927987868177,0.5
3515,OR10S1_code_potential_somatic,ENSG00000105991,3515,-1.0,1.3502239358326908,0.26456954836373886,3.139552712885348e-10,-4.005228634769494,1.3106358552405,1.0
3477,OR10S1_code_potential_somatic,ENSG00000107175,3477,-1.0,3.59597753159812,0.3558082978527454,8.470030614816931e-18,-13.841043209375943,26.55792898418951,1.0
980,OR10S1_code_potential_somatic,ENSG00000066136,980,-1.0,2.9703021956904747,0.39893087543624745,2.381773231041821e-22,-7.275675694105613,2.2349312208273857,1.0
977,OR10S1_code_potential_somatic,ENSG00000066136,977,-1.0,2.9703021956904747,0.41230138581930065,6.661055322068451e-24,-15.298340875473253,9.309324090960265,1.0
648,OR10S1_code_potential_somatic,ENSG00000071564,648,-1.0,1.8599325933077009,0.39266114946531744,1.2060733178923612e-21,-7.001059090499842,2.288881116483854,1.0
