,Mutation,Regulator,Regulon,MutationRegulatorEdge,-log10(p)_MutationRegulatorEdge,RegulatorRegulon_Spearman_R,RegulatorRegulon_Spearman_p-value,Regulon_stratification_t-statistic,-log10(p)_Regulon_stratification,Fraction_of_edges_correctly_aligned
373,OR10H5_code_potential_somatic,ENSG00000112561,373,1.0,1.3088295870939846,0.2876538491743777,6.694548646296452e-12,4.17779563471484,1.524408645190292,1.0
372,OR10H5_code_potential_somatic,ENSG00000112561,372,1.0,1.3088295870939846,0.3576730567819933,5.558143064804769e-18,3.988902183526818,1.3136649671005287,1.0
468,OR10H5_code_potential_somatic,ENSG00000172216,468,-1.0,1.5245631369141264,0.3260471157707358,4.874133484092165e-15,-4.743973848725248,2.8494058841143852,1.0
7,OR10H5_code_potential_somatic,ENSG00000126351,7,1.0,1.321507817735283,0.5924389359447688,3.1973683806405464e-53,4.644130967077853,1.4211562102767061,1.0
3552,OR10H5_code_potential_somatic,ENSG00000167157,3552,-1.0,3.1722949590104834,-0.3878530493662969,4.0877649762604634e-21,9.813211170632409,2.7220806506339303,1.0
2566,OR10H5_code_potential_somatic,ENSG00000175745,2566,1.0,1.988322577096859,-0.3261471607107479,4.776522807993507e-15,-5.235677083681164,2.9366709546319756,1.0
2558,OR10H5_code_potential_somatic,ENSG00000175745,2558,1.0,1.988322577096859,0.2940616109116653,2.1564585201837476e-12,4.129481563633539,1.3111657195485034,1.0
1422,OR10H5_code_potential_somatic,ENSG00000141448,1422,-1.0,1.5360866002710492,-0.3203420819486154,1.525933070943203e-14,6.19599295042728,1.7729781782807004,1.0
