,Mutation,Regulator,Regulon,MutationRegulatorEdge,-log10(p)_MutationRegulatorEdge,RegulatorRegulon_Spearman_R,RegulatorRegulon_Spearman_p-value,Regulon_stratification_t-statistic,-log10(p)_Regulon_stratification,Fraction_of_edges_correctly_aligned
2602,OR4C15_code_potential_somatic,ENSG00000087903,2602,-1.0,1.4071069105273546,0.40086724087503744,1.433083479882713e-22,-4.695194478601006,2.2541105666303634,0.5
1538,OR4C15_code_potential_somatic,ENSG00000113916,1538,1.0,2.1529712120474636,0.6841581243819654,7.158883160947051e-77,3.9862655314571103,3.7033957742482957,1.0
2099,OR4C15_code_potential_somatic,ENSG00000105856,2099,1.0,1.9346676848988398,0.3573815993292031,5.9375185629319885e-18,4.49441190188655,1.6871216516221303,1.0
1490,OR4C15_code_potential_somatic,ENSG00000129194,1490,-1.0,1.4071069105273546,-0.17995838801350786,2.2577758337536196e-05,6.690463493724063,2.118351195415636,1.0
