,Mutation,Regulator,Regulon,MutationRegulatorEdge,-log10(p)_MutationRegulatorEdge,RegulatorRegulon_Spearman_R,RegulatorRegulon_Spearman_p-value,Regulon_stratification_t-statistic,-log10(p)_Regulon_stratification,Fraction_of_edges_correctly_aligned
2810,P75_MEDIATED_SIGNALING_PID_NCI_NATURE_nonsilent_somatic,ENSG00000277615,2810,1.0,1.3394830846392962,0.3974048984248537,3.546085412454889e-22,2.0217534737882996,1.342895202170459,1.0
83,P75_MEDIATED_SIGNALING_PID_NCI_NATURE_nonsilent_somatic,ENSG00000213928,83,1.0,1.3458140617866317,0.4298628458249869,4.7218587520052576e-26,2.061751374736319,1.383315007731769,1.0
76,P75_MEDIATED_SIGNALING_PID_NCI_NATURE_nonsilent_somatic,ENSG00000213928,76,1.0,1.3458140617866317,0.19374657872920614,4.9124323702480266e-06,2.0686352907501164,1.3898614053386504,1.0
3126,P75_MEDIATED_SIGNALING_PID_NCI_NATURE_nonsilent_somatic,ENSG00000156273,3126,1.0,1.7141259089436904,0.43720630484378664,5.460383802447342e-27,2.1801486053992285,1.5051739562154038,1.0
