,Mutation,Regulator,Regulon,MutationRegulatorEdge,-log10(p)_MutationRegulatorEdge,RegulatorRegulon_Spearman_R,RegulatorRegulon_Spearman_p-value,Regulon_stratification_t-statistic,-log10(p)_Regulon_stratification,Fraction_of_edges_correctly_aligned
1811,PABPC3_code_potential_somatic,ENSG00000281306,1811,-1.0,1.9167599404072586,0.3486595327040857,4.150775912575143e-17,-4.1284601454975975,2.142441421139841,1.0
1803,PABPC3_code_potential_somatic,ENSG00000281306,1803,-1.0,1.9167599404072586,0.3945743266454167,7.3790697005791225e-22,-5.11300458860953,1.6087286051100926,1.0
900,PABPC3_code_potential_somatic,ENSG00000154727,900,-1.0,2.047453926065003,0.2033007975813042,1.5987166164947079e-06,-7.378459603925737,2.4234683513217434,1.0
892,PABPC3_code_potential_somatic,ENSG00000154727,892,-1.0,2.047453926065003,0.33724084659894965,4.837035515018521e-16,-4.0236367059030265,1.7136936594176733,1.0
1404,PABPC3_code_potential_somatic,ENSG00000125398,1404,-1.0,1.3094178559621406,0.2968678277275718,1.3012448904839674e-12,-4.765649226842883,1.8623516385806291,1.0
3608,PABPC3_code_potential_somatic,ENSG00000166478,3608,-1.0,1.621701036274202,0.22525395336111992,9.839449387651917e-08,-5.288981765632742,1.5782839102773316,1.0
2140,PABPC3_code_potential_somatic,ENSG00000175592,2140,-1.0,3.6921356822560036,0.7417272058870178,8.857405543262781e-97,-5.401267845916627,1.720280271454586,1.0
