,Mutation,Regulator,Regulon,MutationRegulatorEdge,-log10(p)_MutationRegulatorEdge,RegulatorRegulon_Spearman_R,RegulatorRegulon_Spearman_p-value,Regulon_stratification_t-statistic,-log10(p)_Regulon_stratification,Fraction_of_edges_correctly_aligned
2609,PCDP1_code_potential_somatic,ENSG00000196482,2609,-1.0,2.0182752401153943,0.2638286425600655,3.531246385503076e-10,-6.371646314369989,1.8840558754114052,1.0
2614,PCDP1_code_potential_somatic,ENSG00000196482,2614,-1.0,2.0182752401153943,0.028833287139113584,0.5005855220951068,-3.4950061948596343,1.7091939386338846,1.0
2606,PCDP1_code_potential_somatic,ENSG00000196482,2606,-1.0,2.0182752401153943,0.20315196979517844,1.6275974563501287e-06,-6.776928238808644,2.137186538878707,1.0
1102,PCDP1_code_potential_somatic,ENSG00000176887,1102,-1.0,1.5631231166220902,0.2157512882791301,3.409986062831539e-07,-3.053489752023742,1.4534333537100148,0.5
7,PCDP1_code_potential_somatic,ENSG00000126351,7,-1.0,1.8134943314445986,0.5924389359447688,3.1973683806405464e-53,-10.866399803687294,5.4414125544994345,1.0
1361,PCDP1_code_potential_somatic,ENSG00000173153,1361,-1.0,3.5115840253891895,0.1917439298717055,6.17314799274213e-06,-5.373591925182771,1.8073217908150572,1.0
3069,PCDP1_code_potential_somatic,ENSG00000100968,3069,1.0,2.33617655715878,-0.25065355523767713,2.689868579104927e-09,-4.393828397820033,1.6035528810180535,1.0
