,Mutation,Regulator,Regulon,MutationRegulatorEdge,-log10(p)_MutationRegulatorEdge,RegulatorRegulon_Spearman_R,RegulatorRegulon_Spearman_p-value,Regulon_stratification_t-statistic,-log10(p)_Regulon_stratification,Fraction_of_edges_correctly_aligned
2206,PDGFR_ALPHA_SIGNALING_PATHWAY_PID_NCI_NATURE_nonsilent_somatic,ENSG00000169083,2206,1.0,1.8574675872285438,0.20874238187314026,8.232020140103674e-07,2.2486083290695293,1.52973147159438,1.0
366,PDGFR_ALPHA_SIGNALING_PATHWAY_PID_NCI_NATURE_nonsilent_somatic,ENSG00000163497,366,-1.0,2.655532801343186,0.2894018731355593,4.928790824080555e-12,-4.087708595960201,3.954278204603207,1.0
363,PDGFR_ALPHA_SIGNALING_PATHWAY_PID_NCI_NATURE_nonsilent_somatic,ENSG00000163497,363,-1.0,2.655532801343186,-0.26567493056812325,2.632663727496636e-10,2.155699085737861,1.438502171104238,1.0
889,PDGFR_ALPHA_SIGNALING_PATHWAY_PID_NCI_NATURE_nonsilent_somatic,ENSG00000139083,889,1.0,1.3726677645827303,0.37569040670382775,8.203038178775998e-20,2.0428704706134586,1.3262291859452946,1.0
3399,PDGFR_ALPHA_SIGNALING_PATHWAY_PID_NCI_NATURE_nonsilent_somatic,ENSG00000120149,3399,-1.0,2.0037500426202426,0.12252588389376366,0.004071887528659675,-3.0977115017299224,2.5692834305421512,1.0
3398,PDGFR_ALPHA_SIGNALING_PATHWAY_PID_NCI_NATURE_nonsilent_somatic,ENSG00000120149,3398,-1.0,2.0037500426202426,0.19005162450158916,7.473825507774001e-06,-2.230363604532097,1.519904798592416,1.0
693,PDGFR_ALPHA_SIGNALING_PATHWAY_PID_NCI_NATURE_nonsilent_somatic,ENSG00000188786,693,1.0,1.3613163103210992,-0.3278619251490302,3.373042685106883e-15,-4.214431208495205,4.246290759125786,1.0
851,PDGFR_ALPHA_SIGNALING_PATHWAY_PID_NCI_NATURE_nonsilent_somatic,ENSG00000113580,851,1.0,2.235508184569466,-0.33467030416068094,8.291506310731383e-16,-3.0829053143808127,2.532174159969039,1.0
