,Mutation,Regulator,Regulon,MutationRegulatorEdge,-log10(p)_MutationRegulatorEdge,RegulatorRegulon_Spearman_R,RegulatorRegulon_Spearman_p-value,Regulon_stratification_t-statistic,-log10(p)_Regulon_stratification,Fraction_of_edges_correctly_aligned
2952,PEX14_code_potential_somatic,ENSG00000099326,2952,-1.0,7.899110685448356,0.6748517573892705,4.433728282902681e-74,-5.874648618091558,1.959026817756533,1.0
3103,PEX14_code_potential_somatic,ENSG00000184486,3103,-1.0,2.2393024042003584,0.3951167714768668,6.415788450770041e-22,-4.507612555104131,1.9633894905284346,1.0
1978,PEX14_code_potential_somatic,ENSG00000179348,1978,-1.0,3.6934031439464956,0.16429916733004776,0.00011170574836317506,-2.9522727992771256,1.8903960507208377,1.0
