,Mutation,Regulator,Regulon,MutationRegulatorEdge,-log10(p)_MutationRegulatorEdge,RegulatorRegulon_Spearman_R,RegulatorRegulon_Spearman_p-value,Regulon_stratification_t-statistic,-log10(p)_Regulon_stratification,Fraction_of_edges_correctly_aligned
2640,PKDREJ_code_potential_somatic,ENSG00000126767,2640,-1.0,1.4148494068459267,0.3679243817758663,5.2162881321656205e-19,-4.956314829763321,1.7020440691307281,1.0
3269,PKDREJ_code_potential_somatic,ENSG00000118922,3269,-1.0,1.4304318625911312,0.3254074698423206,5.546153376746925e-15,-5.312961402484345,1.7527483065127805,1.0
1703,PKDREJ_code_potential_somatic,ENSG00000105997,1703,-1.0,1.3643608296732235,0.24962220159062418,3.1382378715248863e-09,-3.7038439254441844,1.8732577879219587,1.0
1695,PKDREJ_code_potential_somatic,ENSG00000105997,1695,-1.0,1.3643608296732235,-0.18650682022363238,1.1094567778049381e-05,3.5169035306444494,3.0089640328490623,1.0
3639,PKDREJ_code_potential_somatic,ENSG00000076604,3639,-1.0,3.8257284559921736,-0.3930013168451689,1.1054459076174069e-21,4.758654475909315,2.3922606830876743,1.0
501,PKDREJ_code_potential_somatic,ENSG00000068305,501,1.0,1.86330653782499,-0.4576396817316701,1.0157288404906929e-29,-3.17879550639428,1.7430796389321321,1.0
