,Mutation,Regulator,Regulon,MutationRegulatorEdge,-log10(p)_MutationRegulatorEdge,RegulatorRegulon_Spearman_R,RegulatorRegulon_Spearman_p-value,Regulon_stratification_t-statistic,-log10(p)_Regulon_stratification,Fraction_of_edges_correctly_aligned
366,PLASMA_MEMBRANE_ESTROGEN_RECEPTOR_SIGNALING_PID_NCI_NATURE_nonsilent_somatic,ENSG00000163497,366,-1.0,2.847984586104193,0.2894018731355593,4.928790824080555e-12,-4.47354575440612,4.453301720308541,1.0
234,PLASMA_MEMBRANE_ESTROGEN_RECEPTOR_SIGNALING_PID_NCI_NATURE_nonsilent_somatic,ENSG00000135363,234,1.0,1.60198889011676,-0.31197279069307887,7.794265670481288e-14,-2.8075582391526535,2.1208623447290322,1.0
3399,PLASMA_MEMBRANE_ESTROGEN_RECEPTOR_SIGNALING_PID_NCI_NATURE_nonsilent_somatic,ENSG00000120149,3399,-1.0,3.9844652913701424,0.12252588389376366,0.004071887528659675,-3.144339666290088,2.58158652247008,1.0
3398,PLASMA_MEMBRANE_ESTROGEN_RECEPTOR_SIGNALING_PID_NCI_NATURE_nonsilent_somatic,ENSG00000120149,3398,-1.0,3.9844652913701424,0.19005162450158916,7.473825507774001e-06,-4.080620828970675,3.7586525119592813,1.0
3393,PLASMA_MEMBRANE_ESTROGEN_RECEPTOR_SIGNALING_PID_NCI_NATURE_nonsilent_somatic,ENSG00000120149,3393,-1.0,3.9844652913701424,0.1356500737175161,0.0014577784066699124,-2.483507581116907,1.7745234647054902,1.0
851,PLASMA_MEMBRANE_ESTROGEN_RECEPTOR_SIGNALING_PID_NCI_NATURE_nonsilent_somatic,ENSG00000113580,851,1.0,1.7651071570134407,-0.33467030416068094,8.291506310731383e-16,-3.6207239496347032,3.227745747259919,1.0
