,Mutation,Regulator,Regulon,MutationRegulatorEdge,-log10(p)_MutationRegulatorEdge,RegulatorRegulon_Spearman_R,RegulatorRegulon_Spearman_p-value,Regulon_stratification_t-statistic,-log10(p)_Regulon_stratification,Fraction_of_edges_correctly_aligned
2520,PLB1_code_potential_somatic,ENSG00000112333,2520,1.0,1.5857227292990654,0.5670993464484083,5.931604568650053e-48,5.667896603457331,2.203959256955413,1.0
2519,PLB1_code_potential_somatic,ENSG00000112333,2519,1.0,1.5857227292990654,0.5367556869751333,3.2412023142188855e-42,3.546347267778068,1.3037985244691535,1.0
1253,PLB1_code_potential_somatic,ENSG00000089220,1253,-1.0,2.5837641679877112,0.2657955610818475,2.582430391060707e-10,-3.812213766121494,1.7252097740170858,1.0
2480,PLB1_code_potential_somatic,ENSG00000106511,2480,1.0,2.339537509855971,-0.17135124181510983,5.5321116848201173e-05,-4.32432923257838,1.6076446127651847,1.0
