,Mutation,Regulator,Regulon,MutationRegulatorEdge,-log10(p)_MutationRegulatorEdge,RegulatorRegulon_Spearman_R,RegulatorRegulon_Spearman_p-value,Regulon_stratification_t-statistic,-log10(p)_Regulon_stratification,Fraction_of_edges_correctly_aligned
2614,PODNL1_code_potential_somatic,ENSG00000196482,2614,-1.0,2.3812581116726936,0.028833287139113584,0.5005855220951068,-4.182018872437379,1.796739988485098,1.0
2606,PODNL1_code_potential_somatic,ENSG00000196482,2606,-1.0,2.3812581116726936,0.20315196979517844,1.6275974563501287e-06,-3.646781356959183,1.590415288366166,1.0
3253,PODNL1_code_potential_somatic,ENSG00000184481,3253,-1.0,1.362867711520043,-0.23141729043447137,4.264722675816897e-08,4.010943182328238,2.07213041544813,1.0
2510,PODNL1_code_potential_somatic,ENSG00000128652,2510,-1.0,1.395135712565558,-0.3302851995394446,2.055269424284233e-15,3.96419336630983,2.477517369833763,0.5
1361,PODNL1_code_potential_somatic,ENSG00000173153,1361,-1.0,1.3444077026206251,0.1917439298717055,6.17314799274213e-06,-3.8546622879720323,1.6443322535857372,1.0
3398,PODNL1_code_potential_somatic,ENSG00000120149,3398,-1.0,1.6815718168579061,0.19005162450158916,7.473825507774001e-06,-3.9646477846406927,1.6902692570755835,1.0
