,Mutation,Regulator,Regulon,MutationRegulatorEdge,-log10(p)_MutationRegulatorEdge,RegulatorRegulon_Spearman_R,RegulatorRegulon_Spearman_p-value,Regulon_stratification_t-statistic,-log10(p)_Regulon_stratification,Fraction_of_edges_correctly_aligned
333,PODXL_code_potential_somatic,ENSG00000134532,333,1.0,3.429965129639934,0.3372906503117982,4.786552816987904e-16,7.4015917349001255,7.564375272633987,1.0
337,PODXL_code_potential_somatic,ENSG00000134532,337,1.0,3.429965129639934,0.5428653556258544,2.5245084904888723e-43,4.970693461311499,2.098631785145677,1.0
1194,PODXL_code_potential_somatic,ENSG00000100811,1194,1.0,1.43013317696916,0.17266823282207602,4.836530742436054e-05,3.5281171256356587,1.440656719719929,1.0
1186,PODXL_code_potential_somatic,ENSG00000100811,1186,1.0,1.43013317696916,0.4036442900699491,6.875636328881652e-23,3.677914687112296,1.4512955207544165,1.0
