,Mutation,Regulator,Regulon,MutationRegulatorEdge,-log10(p)_MutationRegulatorEdge,RegulatorRegulon_Spearman_R,RegulatorRegulon_Spearman_p-value,Regulon_stratification_t-statistic,-log10(p)_Regulon_stratification,Fraction_of_edges_correctly_aligned
968,PRDM12_code_potential_somatic,ENSG00000101412,968,1.0,1.6187919437168201,0.4742249743817139,4.4747144847067843e-32,3.5846382240441113,1.3846884377174629,1.0
961,PRDM12_code_potential_somatic,ENSG00000101412,961,1.0,1.6187919437168201,0.49108575521205333,1.3174129972347378e-34,4.461467180997675,1.6610408065262423,1.0
2952,PRDM12_code_potential_somatic,ENSG00000099326,2952,1.0,2.313581816916567,0.6748517573892705,4.433728282902681e-74,12.007787581709671,5.656146587502409,1.0
2915,PRDM12_code_potential_somatic,ENSG00000109381,2915,1.0,1.3182776861034646,0.31997740676077746,1.640065020794619e-14,3.9100816060264094,1.5637758807323974,1.0
3179,PRDM12_code_potential_somatic,ENSG00000176165,3179,-1.0,1.6690968196731049,0.5844367991248547,1.654511029519718e-51,-5.354574754895181,3.157628120125352,0.3333333333333333
1209,PRDM12_code_potential_somatic,ENSG00000172059,1209,1.0,1.3750801546397433,0.2981816102962286,1.0252366854269267e-12,4.918149506337651,1.853176877424134,1.0
2178,PRDM12_code_potential_somatic,ENSG00000133794,2178,-1.0,1.6647364699300697,0.33168835242828104,1.5396045257325189e-15,-3.493815238537927,1.3676935078007284,1.0
2442,PRDM12_code_potential_somatic,ENSG00000169057,2442,1.0,1.3096550462168621,0.2766978344572712,4.349188132977617e-11,10.096711750701147,3.032221811540682,0.5
