,Mutation,Regulator,Regulon,MutationRegulatorEdge,-log10(p)_MutationRegulatorEdge,RegulatorRegulon_Spearman_R,RegulatorRegulon_Spearman_p-value,Regulon_stratification_t-statistic,-log10(p)_Regulon_stratification,Fraction_of_edges_correctly_aligned
3437,PSPH_code_potential_somatic,ENSG00000175832,3437,1.0,1.4211030527071018,0.3072578447592749,1.909941690400658e-13,2.8754307492744005,1.455173706745504,1.0
1482,PSPH_code_potential_somatic,ENSG00000129194,1482,1.0,1.6230984647074027,0.3566725344628204,6.970169558178879e-18,3.1857193394112175,1.5415826849542957,1.0
3183,PSPH_code_potential_somatic,ENSG00000176165,3183,1.0,1.6830193610332675,-0.2757609704709193,5.084543056135608e-11,-3.1981745533067816,1.6042188130838535,1.0
2483,PSPH_code_potential_somatic,ENSG00000106511,2483,1.0,1.3235299539998686,0.33005810117183104,2.153344456756267e-15,3.3043532463092107,1.6724732478465456,1.0
