,Mutation,Regulator,Regulon,MutationRegulatorEdge,-log10(p)_MutationRegulatorEdge,RegulatorRegulon_Spearman_R,RegulatorRegulon_Spearman_p-value,Regulon_stratification_t-statistic,-log10(p)_Regulon_stratification,Fraction_of_edges_correctly_aligned
2895,PXDNL_code_potential_somatic,ENSG00000183918,2895,-1.0,1.7784315842869263,-0.2267472723889433,8.05272998500757e-08,3.1847668080137153,1.3825810910414493,1.0
1443,PXDNL_code_potential_somatic,ENSG00000007372,1443,1.0,1.8762706876218183,-0.27238496417888014,8.883658235944623e-11,-2.841272367836707,1.3579272113689935,1.0
3681,PXDNL_code_potential_somatic,ENSG00000106689,3681,1.0,2.7026660919011594,-0.07279895480746928,0.08865267595093068,-3.587851111845282,2.759008613910366,1.0
3526,PXDNL_code_potential_somatic,ENSG00000153234,3526,-1.0,1.505802246439744,0.28253318163253655,1.6218199881278203e-11,-3.4532736319927073,1.6045624319937521,1.0
956,PXDNL_code_potential_somatic,ENSG00000129173,956,1.0,1.4362965654889812,0.7719811749257338,1.5861341031969156e-109,3.919752711664725,1.5983821517291654,1.0
3556,PXDNL_code_potential_somatic,ENSG00000167157,3556,-1.0,1.5042371117157172,0.10586908442227369,0.013151335738841839,-3.467460278831063,2.335459759671392,1.0
916,PXDNL_code_potential_somatic,ENSG00000101057,916,1.0,1.8495046964390052,0.8137042900539069,9.46897652452271e-131,5.873319439719753,2.296307075654226,1.0
1606,PXDNL_code_potential_somatic,ENSG00000112592,1606,1.0,1.4509248870065616,0.41310313080139427,5.347482013806556e-24,3.8663378228279397,1.786616390432111,1.0
