,Mutation,Regulator,Regulon,MutationRegulatorEdge,-log10(p)_MutationRegulatorEdge,RegulatorRegulon_Spearman_R,RegulatorRegulon_Spearman_p-value,Regulon_stratification_t-statistic,-log10(p)_Regulon_stratification,Fraction_of_edges_correctly_aligned
374,RAB11FIP1_code_potential_somatic,ENSG00000112561,374,-1.0,1.766776726769533,0.20650595453336656,1.0837195095257456e-06,-4.000078986059428,1.9035037328246969,1.0
12,RAB11FIP1_code_potential_somatic,ENSG00000126351,12,-1.0,1.5033978851787015,0.47919761624700663,8.296253055498482e-33,-6.0653926512637355,2.561253654179615,0.6666666666666666
7,RAB11FIP1_code_potential_somatic,ENSG00000126351,7,-1.0,1.5033978851787015,0.5924389359447688,3.1973683806405464e-53,-3.9497891689889557,1.4788455466162849,0.6666666666666666
