,Mutation,Regulator,Regulon,MutationRegulatorEdge,-log10(p)_MutationRegulatorEdge,RegulatorRegulon_Spearman_R,RegulatorRegulon_Spearman_p-value,Regulon_stratification_t-statistic,-log10(p)_Regulon_stratification,Fraction_of_edges_correctly_aligned
2597,RBM47_code_potential_somatic,ENSG00000087903,2597,-1.0,1.4410518398433363,0.5134481327144256,3.450302845570539e-38,-2.299014433810375,1.362030550943227,1.0
2218,RBM47_code_potential_somatic,ENSG00000187140,2218,-1.0,2.5129007768033493,-0.33403129091008305,9.472778577955283e-16,3.201673314236453,1.90671370151928,1.0
2228,RBM47_code_potential_somatic,ENSG00000187140,2228,-1.0,2.5129007768033493,-0.2554723070293255,1.2969739275767006e-09,3.3170483514528475,1.9703282463938223,1.0
