,Mutation,Regulator,Regulon,MutationRegulatorEdge,-log10(p)_MutationRegulatorEdge,RegulatorRegulon_Spearman_R,RegulatorRegulon_Spearman_p-value,Regulon_stratification_t-statistic,-log10(p)_Regulon_stratification,Fraction_of_edges_correctly_aligned
1478,RYR3_code_potential_somatic,ENSG00000087510,1478,-1.0,1.3100570514123058,0.18597004834244504,1.1770953620639454e-05,-2.1578607549590227,1.3723517748503236,1.0
1472,RYR3_code_potential_somatic,ENSG00000087510,1472,-1.0,1.3100570514123058,0.34614519122009924,7.190152436748869e-17,-3.3840703160997525,2.6527477676710607,1.0
1475,RYR3_code_potential_somatic,ENSG00000087510,1475,-1.0,1.3100570514123058,0.3591236935088842,3.997301619713854e-18,-2.144291462263443,1.3632001278639456,1.0
