,Mutation,Regulator,Regulon,MutationRegulatorEdge,-log10(p)_MutationRegulatorEdge,RegulatorRegulon_Spearman_R,RegulatorRegulon_Spearman_p-value,Regulon_stratification_t-statistic,-log10(p)_Regulon_stratification,Fraction_of_edges_correctly_aligned
1551,SCN7A_code_potential_somatic,ENSG00000134323,1551,-1.0,1.359516026080933,-0.436735976955246,6.279389245335047e-27,3.013900447633643,1.599214773492664,1.0
2128,SCN7A_code_potential_somatic,ENSG00000078900,2128,-1.0,1.3882878497315174,-0.31110221012543754,9.208144077783281e-14,3.3041201469247166,1.8998691392234335,1.0
3081,SCN7A_code_potential_somatic,ENSG00000100968,3081,1.0,1.4266154845230083,0.2369518465182283,1.9726345974047266e-08,2.8789210771962823,1.5543863658076646,1.0
1330,SCN7A_code_potential_somatic,ENSG00000116044,1330,1.0,1.4382318047808496,0.33238553148910843,1.3330057562902736e-15,2.764925037255407,1.4403482196448303,1.0
