,Mutation,Regulator,Regulon,MutationRegulatorEdge,-log10(p)_MutationRegulatorEdge,RegulatorRegulon_Spearman_R,RegulatorRegulon_Spearman_p-value,Regulon_stratification_t-statistic,-log10(p)_Regulon_stratification,Fraction_of_edges_correctly_aligned
1178,SCN9A_code_potential_somatic,ENSG00000198911,1178,-1.0,1.4692104766983098,0.34028485244501594,2.538462751185916e-16,-2.6038592884548737,1.6212723731541716,1.0
2684,SCN9A_code_potential_somatic,ENSG00000102034,2684,-1.0,1.323106236451871,0.4983912324900616,9.518575163682427e-36,-3.497959085376064,2.141290651891029,1.0
2679,SCN9A_code_potential_somatic,ENSG00000102034,2679,-1.0,1.323106236451871,0.21903924880832495,2.2321084655994958e-07,-3.603350683475716,2.3107010531905487,1.0
2947,SCN9A_code_potential_somatic,ENSG00000169016,2947,1.0,1.5185748482482047,0.3604231988465373,2.9709430789772162e-18,2.4439816758531383,1.4165955018190923,1.0
1503,SCN9A_code_potential_somatic,ENSG00000185591,1503,-1.0,1.3379740917663385,0.19433248331593853,4.592792667883687e-06,-2.5600014939214604,1.5123636622076004,1.0
425,SCN9A_code_potential_somatic,ENSG00000109320,425,-1.0,1.6556508905253653,0.4431143523143815,9.261303338674418e-28,-2.9719502743022095,1.8457270608863314,1.0
411,SCN9A_code_potential_somatic,ENSG00000109320,411,-1.0,1.6556508905253653,0.7727425956718023,7.149457807593363e-110,-2.4310622024397346,1.418089984111633,1.0
2351,SCN9A_code_potential_somatic,ENSG00000155959,2351,1.0,1.384994460939486,0.6798362850601185,1.4597848425820899e-75,3.1344838780465345,1.905094171575957,1.0
