,Mutation,Regulator,Regulon,MutationRegulatorEdge,-log10(p)_MutationRegulatorEdge,RegulatorRegulon_Spearman_R,RegulatorRegulon_Spearman_p-value,Regulon_stratification_t-statistic,-log10(p)_Regulon_stratification,Fraction_of_edges_correctly_aligned
2528,SEMG2_code_potential_somatic,ENSG00000112333,2528,1.0,2.1686652570958085,0.5900396803607918,1.0560480916954014e-52,5.172232393428489,2.5504031801778657,1.0
2519,SEMG2_code_potential_somatic,ENSG00000112333,2519,1.0,2.1686652570958085,0.5367556869751333,3.2412023142188855e-42,4.5957692197048186,1.5617164247388242,1.0
2573,SEMG2_code_potential_somatic,ENSG00000196767,2573,1.0,3.5052783525647357,0.26674875893595645,2.217013653054731e-10,5.947345216803459,2.8314225971453855,1.0
3495,SEMG2_code_potential_somatic,ENSG00000120093,3495,1.0,1.6496933568836127,-0.3257861384818852,5.1380715349645825e-15,-4.791418457713096,1.7128918548065417,1.0
3492,SEMG2_code_potential_somatic,ENSG00000120093,3492,1.0,1.6496933568836127,-0.22759786338425927,7.179650240015342e-08,-4.481432082558994,3.161462222902486,1.0
531,SEMG2_code_potential_somatic,ENSG00000196092,531,-1.0,2.335515518303386,-0.15227850003870583,0.000346905387037339,4.278148430565139,1.8965266038612278,1.0
3194,SEMG2_code_potential_somatic,ENSG00000176165,3194,1.0,1.681028631864263,0.3617291790765779,2.2018247943940607e-18,5.172232393428489,2.5504031801778657,0.5
3184,SEMG2_code_potential_somatic,ENSG00000176165,3184,1.0,1.681028631864263,0.3179894875518792,2.4259084268250033e-14,9.686467719108787,3.992386303613781,0.5
2944,SEMG2_code_potential_somatic,ENSG00000152977,2944,1.0,1.3307045829900839,-0.22245663266961685,1.4268474383192326e-07,-3.2682032435852433,1.5765532874409032,0.5
