,Mutation,Regulator,Regulon,MutationRegulatorEdge,-log10(p)_MutationRegulatorEdge,RegulatorRegulon_Spearman_R,RegulatorRegulon_Spearman_p-value,Regulon_stratification_t-statistic,-log10(p)_Regulon_stratification,Fraction_of_edges_correctly_aligned
3614,SFRS15_code_potential_somatic,ENSG00000160224,3614,1.0,1.354599390163769,-0.20353212567079593,1.5547991694159959e-06,-5.718340828449685,4.607810576468269,1.0
1727,SFRS15_code_potential_somatic,ENSG00000170365,1727,1.0,2.0473269456760246,0.45551606016609364,1.9917364237164507e-29,4.8085648666064325,1.774364483492987,1.0
40,SFRS15_code_potential_somatic,ENSG00000125347,40,1.0,1.5918613245120696,0.7218787127191317,2.3911038311816783e-89,6.500799942375808,1.8160593843119963,1.0
44,SFRS15_code_potential_somatic,ENSG00000125347,44,1.0,1.5918613245120696,0.4144791862408749,3.6628675370127346e-24,9.013434757918311,5.701645301375441,1.0
