,Mutation,Regulator,Regulon,MutationRegulatorEdge,-log10(p)_MutationRegulatorEdge,RegulatorRegulon_Spearman_R,RegulatorRegulon_Spearman_p-value,Regulon_stratification_t-statistic,-log10(p)_Regulon_stratification,Fraction_of_edges_correctly_aligned
166,SGIP1_code_potential_somatic,ENSG00000178573,166,1.0,2.360038351871859,0.5169340280185626,9.020489212937334e-39,9.621471915406417,3.783731940255458,1.0
154,SGIP1_code_potential_somatic,ENSG00000178573,154,1.0,2.360038351871859,0.6056710459662019,3.657733594393192e-56,3.6876816313375893,1.5084104030696244,1.0
470,SGIP1_code_potential_somatic,ENSG00000172216,470,1.0,2.4335828386861937,0.7912697226895726,9.865638401480642e-119,9.32178918448372,2.978912900875477,1.0
479,SGIP1_code_potential_somatic,ENSG00000172216,479,1.0,2.4335828386861937,0.4870916870311351,5.396046317461155e-34,8.57000644637134,9.96316472088628,1.0
