,Mutation,Regulator,Regulon,MutationRegulatorEdge,-log10(p)_MutationRegulatorEdge,RegulatorRegulon_Spearman_R,RegulatorRegulon_Spearman_p-value,Regulon_stratification_t-statistic,-log10(p)_Regulon_stratification,Fraction_of_edges_correctly_aligned
2200,SLC27A2_code_potential_somatic,ENSG00000169083,2200,1.0,2.304486299844253,0.4223688818818541,4.044150961655349e-25,3.998877182437627,2.0778497888062644,1.0
2049,SLC27A2_code_potential_somatic,ENSG00000054598,2049,1.0,1.6168141264004945,0.25671013881818777,1.072734585399716e-09,2.5765236323746747,1.428781381564898,1.0
2048,SLC27A2_code_potential_somatic,ENSG00000054598,2048,1.0,1.6168141264004945,0.23616125815116515,2.2049100932468654e-08,2.6010256215464276,1.3884495827982828,1.0
2044,SLC27A2_code_potential_somatic,ENSG00000054598,2044,1.0,1.6168141264004945,0.3170534256751047,2.914018004615917e-14,2.705812310706204,1.4650347954518357,1.0
3020,SLC27A2_code_potential_somatic,ENSG00000166949,3020,1.0,1.4967627424134156,0.31164720712372473,8.296185808036837e-14,2.5324623449243693,1.3130714328854547,1.0
3035,SLC27A2_code_potential_somatic,ENSG00000166949,3035,1.0,1.4967627424134156,0.3979202902878312,3.100777797743687e-22,2.609742675351789,1.3499431160908293,1.0
841,SLC27A2_code_potential_somatic,ENSG00000113580,841,1.0,2.4840842750924743,0.5383941051654617,1.643079127810912e-42,3.181814170108144,1.696331297854995,0.75
853,SLC27A2_code_potential_somatic,ENSG00000113580,853,1.0,2.4840842750924743,0.31486920837691157,4.4584968996371126e-14,2.5462728670184855,1.334256776345279,0.75
847,SLC27A2_code_potential_somatic,ENSG00000113580,847,1.0,2.4840842750924743,0.4165721818044068,2.0531154719808354e-24,2.7897420173190817,1.6113963434841434,0.75
