,Mutation,Regulator,Regulon,MutationRegulatorEdge,-log10(p)_MutationRegulatorEdge,RegulatorRegulon_Spearman_R,RegulatorRegulon_Spearman_p-value,Regulon_stratification_t-statistic,-log10(p)_Regulon_stratification,Fraction_of_edges_correctly_aligned
879,SLC22A2_code_potential_somatic,ENSG00000132005,879,-1.0,1.641832425626178,-0.2832480071040658,1.4349237029998588e-11,7.052892071907712,2.3530294758016868,1.0
2227,SLC22A2_code_potential_somatic,ENSG00000187140,2227,-1.0,1.641832425626178,-0.35768953704612905,5.5374193482385716e-18,3.553516516284044,1.506315924542318,1.0
916,SLC22A2_code_potential_somatic,ENSG00000101057,916,1.0,2.248014366484788,0.8137042900539069,9.46897652452271e-131,5.780174189907151,1.918231575749711,1.0
