,Mutation,Regulator,Regulon,MutationRegulatorEdge,-log10(p)_MutationRegulatorEdge,RegulatorRegulon_Spearman_R,RegulatorRegulon_Spearman_p-value,Regulon_stratification_t-statistic,-log10(p)_Regulon_stratification,Fraction_of_edges_correctly_aligned
3704,SPHKAP_code_potential_somatic,ENSG00000162772,3704,-1.0,1.3382272922894232,0.45884780459327323,6.91007472223235e-30,-6.224011586814899,2.323314392669172,1.0
2182,SPHKAP_code_potential_somatic,ENSG00000136997,2182,-1.0,1.3382272922894232,0.30817181216314593,1.6073541450986608e-13,-3.647032216258276,1.932693294373816,1.0
1530,SPHKAP_code_potential_somatic,ENSG00000113916,1530,-1.0,4.941760221053253,0.28051507393590874,2.2871989319564442e-11,-8.296327053278096,3.1418001792970807,1.0
1531,SPHKAP_code_potential_somatic,ENSG00000113916,1531,-1.0,4.941760221053253,0.31463397151358885,4.666481870643881e-14,-5.122631640748972,2.525217159331411,1.0
1538,SPHKAP_code_potential_somatic,ENSG00000113916,1538,-1.0,4.941760221053253,0.6841581243819654,7.158883160947051e-77,-5.773428661516944,2.319428481301946,1.0
