,Mutation,Regulator,Regulon,MutationRegulatorEdge,-log10(p)_MutationRegulatorEdge,RegulatorRegulon_Spearman_R,RegulatorRegulon_Spearman_p-value,Regulon_stratification_t-statistic,-log10(p)_Regulon_stratification,Fraction_of_edges_correctly_aligned
366,SYNDECAN_1_MEDIATED_SIGNALING_EVENTS_PID_NCI_NATURE_nonsilent_somatic,ENSG00000163497,366,-1.0,1.3141429936329971,0.2894018731355593,4.928790824080555e-12,-2.2195629331435285,1.5188216748449337,1.0
2045,SYNDECAN_1_MEDIATED_SIGNALING_EVENTS_PID_NCI_NATURE_nonsilent_somatic,ENSG00000054598,2045,1.0,1.4553386079700463,0.23762984786825161,1.7924637033273982e-08,2.036996806207734,1.3233709218099576,1.0
2043,SYNDECAN_1_MEDIATED_SIGNALING_EVENTS_PID_NCI_NATURE_nonsilent_somatic,ENSG00000054598,2043,1.0,1.4553386079700463,0.44557682871686455,4.375383691115867e-28,2.315521477196584,1.596198334012864,1.0
3481,SYNDECAN_1_MEDIATED_SIGNALING_EVENTS_PID_NCI_NATURE_nonsilent_somatic,ENSG00000203883,3481,1.0,2.0039526026130683,0.29219918539209705,3.0061923892346764e-12,2.252820053462008,1.5329535088533837,1.0
3381,SYNDECAN_1_MEDIATED_SIGNALING_EVENTS_PID_NCI_NATURE_nonsilent_somatic,ENSG00000137273,3381,1.0,2.066317657147795,0.23863204732563179,1.5550079701443256e-08,2.0766015022387077,1.3613553733804935,1.0
