,Mutation,Regulator,Regulon,MutationRegulatorEdge,-log10(p)_MutationRegulatorEdge,RegulatorRegulon_Spearman_R,RegulatorRegulon_Spearman_p-value,Regulon_stratification_t-statistic,-log10(p)_Regulon_stratification,Fraction_of_edges_correctly_aligned
1576,SYT16_code_potential_somatic,ENSG00000105866,1576,1.0,1.3566410639993995,-0.2080037847905003,9.017529783655651e-07,-2.755619714163741,1.3202840777935148,1.0
1550,SYT16_code_potential_somatic,ENSG00000134323,1550,1.0,1.3566410639993995,-0.5060944650282776,5.560042287405335e-37,-2.8736964664311624,1.6397739110964955,1.0
3553,SYT16_code_potential_somatic,ENSG00000167157,3553,-1.0,2.4957724611893535,-0.3781314885066346,4.538711291597494e-20,3.1110301737093113,1.383477573092958,1.0
2911,SYT16_code_potential_somatic,ENSG00000109381,2911,1.0,3.212727126204591,0.5069681811151759,4.010310061145181e-37,6.270291550931653,3.4583569866148456,1.0
2897,SYT16_code_potential_somatic,ENSG00000109381,2897,1.0,3.212727126204591,0.6838262697740976,9.040613206213917e-77,3.1543260252103527,1.3894323198000604,1.0
1478,SYT16_code_potential_somatic,ENSG00000087510,1478,-1.0,1.3981173680063728,0.18597004834244504,1.1770953620639454e-05,-3.177739675903836,1.5265145491325347,1.0
1475,SYT16_code_potential_somatic,ENSG00000087510,1475,-1.0,1.3981173680063728,0.3591236935088842,3.997301619713854e-18,-2.799871145760108,1.399989045627347,1.0
2556,SYT16_code_potential_somatic,ENSG00000263001,2556,1.0,1.6496056071845435,0.6024027411146858,2.007192850535288e-55,3.67544122341713,1.7248837167450488,1.0
1235,SYT16_code_potential_somatic,ENSG00000110777,1235,-1.0,3.131828194217343,0.36754829584680226,5.697930515715456e-19,-3.4570295682773704,1.538310039702528,1.0
