,Mutation,Regulator,Regulon,MutationRegulatorEdge,-log10(p)_MutationRegulatorEdge,RegulatorRegulon_Spearman_R,RegulatorRegulon_Spearman_p-value,Regulon_stratification_t-statistic,-log10(p)_Regulon_stratification,Fraction_of_edges_correctly_aligned
1313,TBX5_code_potential_somatic,ENSG00000125952,1313,1.0,2.3652007421753103,0.6383058949876683,4.830752998599309e-64,3.6040634010923345,1.4997397516529904,1.0
2815,TBX5_code_potential_somatic,ENSG00000277615,2815,-1.0,2.1589373046460145,0.1397222382036479,0.0010401139477505266,-5.018353785823644,1.634348045866604,1.0
2830,TBX5_code_potential_somatic,ENSG00000126456,2830,1.0,1.4916849256106712,0.5963904193990348,4.371680359735945e-54,4.646872317003451,1.5089576727229792,0.5
2836,TBX5_code_potential_somatic,ENSG00000126456,2836,1.0,1.4916849256106712,0.4748482864423721,3.628121432982349e-32,3.1565441704987807,1.321533328543834,0.5
788,TBX5_code_potential_somatic,ENSG00000126561,788,1.0,1.3087962922308631,0.5322216532105494,2.083610091385991e-41,3.4854470842999565,1.327199125389982,1.0
2351,TBX5_code_potential_somatic,ENSG00000155959,2351,-1.0,2.215426809462896,0.6798362850601185,1.4597848425820899e-75,-6.050774253144838,2.481982404611819,0.5
