,Mutation,Regulator,Regulon,MutationRegulatorEdge,-log10(p)_MutationRegulatorEdge,RegulatorRegulon_Spearman_R,RegulatorRegulon_Spearman_p-value,Regulon_stratification_t-statistic,-log10(p)_Regulon_stratification,Fraction_of_edges_correctly_aligned
2203,TEAD1_code_potential_somatic,ENSG00000169083,2203,1.0,3.0248571234298693,0.4748926212262841,3.574342057785658e-32,4.7756723508460315,1.8867702681482545,1.0
2320,TEAD1_code_potential_somatic,ENSG00000135457,2320,1.0,1.9207422783222718,0.6147789272980276,2.8631235837696392e-58,4.792547013437374,1.9790549291393318,1.0
3514,TEAD1_code_potential_somatic,ENSG00000105991,3514,-1.0,2.138430483760908,0.28755586192906624,6.8100213599091565e-12,-3.5730141395293744,1.3428570656737997,1.0
2290,TEAD1_code_potential_somatic,ENSG00000118689,2290,1.0,6.264772757237295,-0.22468168463720256,1.0620920997546776e-07,-7.388688375816047,2.4602582320412427,1.0
2289,TEAD1_code_potential_somatic,ENSG00000118689,2289,1.0,6.264772757237295,0.6409212826432166,1.0255208479425349e-64,13.833658228361985,15.514126993662316,1.0
1235,TEAD1_code_potential_somatic,ENSG00000110777,1235,-1.0,3.209669646789905,0.36754829584680226,5.697930515715456e-19,-4.277632824304933,1.426435414877909,1.0
852,TEAD1_code_potential_somatic,ENSG00000113580,852,1.0,7.01663113554284,0.33480957955093094,8.053936466756273e-16,4.892509610224704,1.7628657356447144,1.0
847,TEAD1_code_potential_somatic,ENSG00000113580,847,1.0,7.01663113554284,0.4165721818044068,2.0531154719808354e-24,12.596212658105568,17.007777387341516,1.0
