,Mutation,Regulator,Regulon,MutationRegulatorEdge,-log10(p)_MutationRegulatorEdge,RegulatorRegulon_Spearman_R,RegulatorRegulon_Spearman_p-value,Regulon_stratification_t-statistic,-log10(p)_Regulon_stratification,Fraction_of_edges_correctly_aligned
3526,TESK1_code_potential_somatic,ENSG00000153234,3526,-1.0,2.7479735075279335,0.28253318163253655,1.6218199881278203e-11,-6.738640452539242,6.777077062819661,1.0
3717,TESK1_code_potential_somatic,ENSG00000163435,3717,-1.0,1.35668449432537,0.32730183390687817,3.779874815497097e-15,-3.7474603885512843,1.4831285651157289,1.0
3711,TESK1_code_potential_somatic,ENSG00000163435,3711,-1.0,1.35668449432537,0.1713368767617699,5.540195542884278e-05,-3.834738427716123,1.3816055270998475,1.0
780,TESK1_code_potential_somatic,ENSG00000115415,780,-1.0,1.5176438247725512,0.2570534417172962,1.0175399069673693e-09,-4.382545096100301,1.563288171463307,1.0
769,TESK1_code_potential_somatic,ENSG00000115415,769,-1.0,1.5176438247725512,0.2739723390324677,6.840079506063502e-11,-3.163410592018802,1.3577137119614082,1.0
1416,TESK1_code_potential_somatic,ENSG00000141448,1416,-1.0,1.55801617401821,0.4673902354113108,4.338315352878638e-31,-3.6664545645523043,1.6179264711961066,1.0
1423,TESK1_code_potential_somatic,ENSG00000141448,1423,-1.0,1.55801617401821,-0.34686145935207535,6.151541869990881e-17,3.2038881325189488,1.3507702763577507,1.0
3758,TESK1_code_potential_somatic,ENSG00000135373,3758,-1.0,1.5075433846635957,-0.07318378082806833,0.08697554691999376,5.338048274351921,1.8952642452343749,1.0
