,Mutation,Regulator,Regulon,MutationRegulatorEdge,-log10(p)_MutationRegulatorEdge,RegulatorRegulon_Spearman_R,RegulatorRegulon_Spearman_p-value,Regulon_stratification_t-statistic,-log10(p)_Regulon_stratification,Fraction_of_edges_correctly_aligned
2528,TRHDE_code_potential_somatic,ENSG00000112333,2528,1.0,1.3186195999458732,0.5900396803607918,1.0560480916954014e-52,9.20892638683272,15.777975075816833,1.0
831,TRHDE_code_potential_somatic,ENSG00000152284,831,-1.0,1.4272103374526544,-0.21493284483401695,3.7854450030709187e-07,2.7341060763181235,1.8561167495375104,1.0
3526,TRHDE_code_potential_somatic,ENSG00000153234,3526,-1.0,1.429074380971279,0.28253318163253655,1.6218199881278203e-11,-3.2482981589469704,1.3963639344425793,1.0
3528,TRHDE_code_potential_somatic,ENSG00000153234,3528,-1.0,1.429074380971279,0.3025337110248576,4.613817194245037e-13,-9.831367387830372,6.961930528328888,1.0
1773,TRHDE_code_potential_somatic,ENSG00000197063,1773,-1.0,1.4019631932026129,0.2156251383183277,3.465423941294582e-07,-3.1496880704804537,1.389832336714445,1.0
