,Mutation,Regulator,Regulon,MutationRegulatorEdge,-log10(p)_MutationRegulatorEdge,RegulatorRegulon_Spearman_R,RegulatorRegulon_Spearman_p-value,Regulon_stratification_t-statistic,-log10(p)_Regulon_stratification,Fraction_of_edges_correctly_aligned
1813,TRPA1_code_potential_somatic,ENSG00000281306,1813,-1.0,1.5348807040498602,0.5686354592080978,2.928966155671868e-48,-4.090402635490416,2.11650371450355,1.0
3040,TRPA1_code_potential_somatic,ENSG00000183734,3040,1.0,1.7717916313068314,-0.26506586012361094,2.901186024188211e-10,-3.901867215749229,1.8767018758537377,1.0
946,TRPA1_code_potential_somatic,ENSG00000001167,946,-1.0,1.5148144640183214,0.3569742005829587,6.510849095546955e-18,-4.470729109024507,2.17662955795471,1.0
916,TRPA1_code_potential_somatic,ENSG00000101057,916,-1.0,1.8712860486841691,0.8137042900539069,9.46897652452271e-131,-3.2227061170415574,1.5649111753435174,1.0
941,TRPA1_code_potential_somatic,ENSG00000112242,941,-1.0,1.707793202157551,0.5505707119021468,9.360156667283042e-45,-3.906169500021496,1.8787328017916103,1.0
