,Mutation,Regulator,Regulon,MutationRegulatorEdge,-log10(p)_MutationRegulatorEdge,RegulatorRegulon_Spearman_R,RegulatorRegulon_Spearman_p-value,Regulon_stratification_t-statistic,-log10(p)_Regulon_stratification,Fraction_of_edges_correctly_aligned
960,UHRF1BP1L_code_potential_somatic,ENSG00000101412,960,1.0,1.3188120477937586,0.6491518019355196,7.070099083657812e-67,3.59811915935229,1.726476122320411,1.0
3526,UHRF1BP1L_code_potential_somatic,ENSG00000153234,3526,-1.0,1.6811230598339282,0.28253318163253655,1.6218199881278203e-11,-5.073404237816031,2.6535569864987205,1.0
2196,UHRF1BP1L_code_potential_somatic,ENSG00000132170,2196,-1.0,1.4480311898674645,0.20977229057046545,7.245609552287564e-07,-3.7894006484456937,1.6946565843412156,1.0
2191,UHRF1BP1L_code_potential_somatic,ENSG00000132170,2191,-1.0,1.4480311898674645,0.41826857064146233,1.2803951378042436e-24,-4.677313737858663,1.8771252111368382,1.0
1538,UHRF1BP1L_code_potential_somatic,ENSG00000113916,1538,-1.0,1.5547840697878479,0.6841581243819654,7.158883160947051e-77,-3.90567141705509,1.729471033759724,1.0
1532,UHRF1BP1L_code_potential_somatic,ENSG00000113916,1532,-1.0,1.5547840697878479,0.2540152693954289,1.6196192939160244e-09,-2.9715235749760187,1.3640717940995903,1.0
3041,UHRF1BP1L_code_potential_somatic,ENSG00000183734,3041,-1.0,1.5715132234260842,-0.3537216462467799,1.3526334008306997e-17,3.2937681716944374,1.5574110599567463,1.0
1301,UHRF1BP1L_code_potential_somatic,ENSG00000197905,1301,-1.0,1.9322716586973883,0.4110989506437914,9.249744444527794e-24,-3.699374229877432,1.565265545574768,1.0
