,Mutation,Regulator,Regulon,MutationRegulatorEdge,-log10(p)_MutationRegulatorEdge,RegulatorRegulon_Spearman_R,RegulatorRegulon_Spearman_p-value,Regulon_stratification_t-statistic,-log10(p)_Regulon_stratification,Fraction_of_edges_correctly_aligned
3244,ZCCHC5_code_potential_somatic,ENSG00000025434,3244,-1.0,2.3670628813846704,0.23516102750820214,2.536933644560716e-08,-5.518420306310255,1.6335402024131724,1.0
951,ZCCHC5_code_potential_somatic,ENSG00000001167,951,-1.0,2.3155269087093777,0.25354275393531367,1.740094785107997e-09,-5.9217426350791555,1.6575947839782705,1.0
946,ZCCHC5_code_potential_somatic,ENSG00000001167,946,-1.0,2.3155269087093777,0.3569742005829587,6.510849095546955e-18,-3.71358516037739,1.341691046166955,1.0
1893,ZCCHC5_code_potential_somatic,ENSG00000109705,1893,-1.0,1.503134758607664,0.2104670882108056,6.645416770661001e-07,-6.170131462992677,3.0867370440224327,1.0
715,ZCCHC5_code_potential_somatic,ENSG00000168310,715,-1.0,1.5548202267714504,0.4714871556370402,1.1184774131906604e-31,-5.314328772974647,1.6259813582861278,1.0
3635,ZCCHC5_code_potential_somatic,ENSG00000076604,3635,-1.0,1.7158134426323262,-0.2935314894000855,2.3709099573033634e-12,4.795320676350944,1.525934832004901,1.0
2222,ZCCHC5_code_potential_somatic,ENSG00000187140,2222,1.0,1.371314787200869,-0.2065128009892993,1.0828126845943654e-06,-6.721233748283401,2.064969637541807,1.0
916,ZCCHC5_code_potential_somatic,ENSG00000101057,916,-1.0,1.5648941513964032,0.8137042900539069,9.46897652452271e-131,-5.1139897070061044,1.8170417144881956,1.0
