,Mutation,Regulator,Regulon,MutationRegulatorEdge,-log10(p)_MutationRegulatorEdge,RegulatorRegulon_Spearman_R,RegulatorRegulon_Spearman_p-value,Regulon_stratification_t-statistic,-log10(p)_Regulon_stratification,Fraction_of_edges_correctly_aligned
1505,ZNF358_code_potential_somatic,ENSG00000165495,1505,-1.0,4.1828950300216245,0.40147655247761804,1.2205230895498734e-22,-3.6945618860217833,1.3024621496433122,0.5
3363,ZNF358_code_potential_somatic,ENSG00000105516,3363,-1.0,1.5738668189664884,0.40384926552648986,6.51105186434234e-23,-7.738052299959436,12.56087280571516,1.0
1100,ZNF358_code_potential_somatic,ENSG00000176887,1100,-1.0,1.776730742397997,0.5747518364116476,1.6996917970202137e-49,-7.337015963523062,11.469988526086254,1.0
3266,ZNF358_code_potential_somatic,ENSG00000184481,3266,-1.0,2.240039734475447,0.4451406269448879,4.99915639417556e-28,-5.527183980698994,1.9300743588453944,1.0
196,ZNF358_code_potential_somatic,ENSG00000125820,196,-1.0,2.813851173764531,0.6110351173052444,2.1427077529094173e-57,-8.854896856093482,9.260727170271226,1.0
1374,ZNF358_code_potential_somatic,ENSG00000173153,1374,-1.0,1.8647310175828014,0.2914745887675346,3.418727075670411e-12,-3.254923135800677,1.5738668189664884,1.0
2231,ZNF358_code_potential_somatic,ENSG00000187140,2231,1.0,1.3670384280218397,-0.29864174271478744,9.428389385064682e-13,-3.776009680471816,1.3328424383720618,1.0
