,Mutation,Regulator,Regulon,MutationRegulatorEdge,-log10(p)_MutationRegulatorEdge,RegulatorRegulon_Spearman_R,RegulatorRegulon_Spearman_p-value,Regulon_stratification_t-statistic,-log10(p)_Regulon_stratification,Fraction_of_edges_correctly_aligned
3699,ZNF385D_code_potential_somatic,ENSG00000163884,3699,-1.0,2.740293437448241,-0.2637062843899924,3.600354452648664e-10,3.637467696951577,1.433061594028605,1.0
1661,ZNF385D_code_potential_somatic,ENSG00000143190,1661,1.0,1.724826182390435,-0.25581979718732256,1.2297942417200733e-09,-5.791556357954767,2.6008458419467892,1.0
1674,ZNF385D_code_potential_somatic,ENSG00000143190,1674,1.0,1.724826182390435,-0.23860331721895198,1.56136965222373e-08,-3.318577949894006,1.3925907496154637,1.0
1676,ZNF385D_code_potential_somatic,ENSG00000143190,1676,1.0,1.724826182390435,-0.29469739213029883,1.9241898424707e-12,-5.0989540982525,3.2028818843605817,1.0
1667,ZNF385D_code_potential_somatic,ENSG00000143190,1667,1.0,1.724826182390435,0.6538399865770609,3.871989707205816e-68,3.6804405961677706,1.8569012051980083,1.0
