,Mutation,Regulator,Regulon,MutationRegulatorEdge,-log10(p)_MutationRegulatorEdge,RegulatorRegulon_Spearman_R,RegulatorRegulon_Spearman_p-value,Regulon_stratification_t-statistic,-log10(p)_Regulon_stratification,Fraction_of_edges_correctly_aligned
2457,ZNF492_code_potential_somatic,ENSG00000071794,2457,1.0,1.3709191040710542,0.39612341899644865,4.945513996166504e-22,3.638663472244805,1.5175724990218162,1.0
3679,ZNF492_code_potential_somatic,ENSG00000106689,3679,1.0,1.3282592369757755,0.2023249948209243,1.7974110078168925e-06,4.200930049845477,1.7280245777516905,1.0
3684,ZNF492_code_potential_somatic,ENSG00000106689,3684,1.0,1.3282592369757755,0.21229703984377238,5.284549734916635e-07,3.32372516915937,1.3986306534533672,1.0
1601,ZNF492_code_potential_somatic,ENSG00000112592,1601,1.0,1.9751951947167872,0.4138545616372719,4.350188014595611e-24,8.56699711500387,5.114904945287144,1.0
1613,ZNF492_code_potential_somatic,ENSG00000112592,1613,1.0,1.9751951947167872,0.3982576867436882,2.839642958364914e-22,3.4992984460515273,1.8835864267876261,1.0
1606,ZNF492_code_potential_somatic,ENSG00000112592,1606,1.0,1.9751951947167872,0.41310313080139427,5.347482013806556e-24,3.0186720530946234,1.3371840808670759,1.0
1196,ZNF492_code_potential_somatic,ENSG00000100811,1196,1.0,1.5004335161229445,0.2533000064095847,1.8053288996031066e-09,4.310886319323629,1.8108756837219453,1.0
1194,ZNF492_code_potential_somatic,ENSG00000100811,1194,1.0,1.5004335161229445,0.17266823282207602,4.836530742436054e-05,3.467807732863713,1.43410984224677,1.0
