,Mutation,Regulator,Regulon,MutationRegulatorEdge,-log10(p)_MutationRegulatorEdge,RegulatorRegulon_Spearman_R,RegulatorRegulon_Spearman_p-value,Regulon_stratification_t-statistic,-log10(p)_Regulon_stratification,Fraction_of_edges_correctly_aligned
2091,ZNF71_code_potential_somatic,ENSG00000030419,2091,-1.0,1.5465682514176304,0.3559231453604123,8.253762843512768e-18,-7.962471447507655,2.643257677493402,1.0
3669,ZNF71_code_potential_somatic,ENSG00000198517,3669,-1.0,2.643257677493402,-0.2741466155679115,6.64586917121238e-11,6.367650162875557,2.1516704229353185,1.0
2274,ZNF71_code_potential_somatic,ENSG00000165030,2274,1.0,1.4102049598600526,0.16691090903297162,8.639333942545057e-05,5.919557824338331,2.0649385224211887,1.0
1918,ZNF71_code_potential_somatic,ENSG00000167034,1918,-1.0,1.9934952265208732,-0.2597870311569257,6.66324397158564e-10,10.704856628254637,4.945721308925962,1.0
2399,ZNF71_code_potential_somatic,ENSG00000092067,2399,-1.0,3.5191904649900896,-0.2489615028130533,3.4627501051244934e-09,11.081929002314123,8.048313260668873,1.0
