,Mutation,Regulator,Regulon,MutationRegulatorEdge,-log10(p)_MutationRegulatorEdge,RegulatorRegulon_Spearman_R,RegulatorRegulon_Spearman_p-value,Regulon_stratification_t-statistic,-log10(p)_Regulon_stratification,Fraction_of_edges_correctly_aligned
108,ZNF813_code_potential_somatic,ENSG00000057657,108,-1.0,1.5735224050139311,0.3942166586929683,8.09091190283462e-22,-4.049252441190807,1.760098168567568,1.0
107,ZNF813_code_potential_somatic,ENSG00000057657,107,-1.0,1.5735224050139311,0.4791201762132656,8.518674804720277e-33,-5.046820678660905,2.322231374358205,1.0
1472,ZNF813_code_potential_somatic,ENSG00000087510,1472,-1.0,1.7619628553744435,0.34614519122009924,7.190152436748869e-17,-3.201063502241229,1.3821894468589981,0.5
1467,ZNF813_code_potential_somatic,ENSG00000087510,1467,-1.0,1.7619628553744435,0.3621860031536285,1.9821152866970234e-18,-5.908565051932679,2.009187731985898,0.5
1554,ZNF813_code_potential_somatic,ENSG00000182568,1554,-1.0,1.6263036464455494,-0.439099429284452,3.104269743167222e-27,2.9512866937485214,1.6519611987972793,1.0
534,ZNF813_code_potential_somatic,ENSG00000196092,534,1.0,5.662599758801145,-0.19843390645510153,2.851425944047311e-06,-3.9867378129047366,2.580343546600745,1.0
916,ZNF813_code_potential_somatic,ENSG00000101057,916,1.0,1.7499049511082125,0.8137042900539069,9.46897652452271e-131,5.2309639110236725,2.6752387182108275,1.0
2399,ZNF813_code_potential_somatic,ENSG00000092067,2399,1.0,3.0779609972425077,-0.2489615028130533,3.4627501051244934e-09,-5.49526024297889,1.6405067003942368,1.0
1620,ZNF813_code_potential_somatic,ENSG00000181690,1620,-1.0,2.231966986350596,0.16033105833181482,0.0001638414459430405,-2.7384803167531455,1.7705955845553074,1.0
