,Mutation,Regulator,Regulon,MutationRegulatorEdge,-log10(p)_MutationRegulatorEdge,RegulatorRegulon_Spearman_R,RegulatorRegulon_Spearman_p-value,Regulon_stratification_t-statistic,-log10(p)_Regulon_stratification,Fraction_of_edges_correctly_aligned
3006,ZNF804A_code_potential_somatic,ENSG00000077463,3006,1.0,1.3101118018619478,0.1902152548553698,7.337464969356812e-06,5.58941708115592,2.301260839819111,1.0
1658,ZNF804A_code_potential_somatic,ENSG00000138795,1658,1.0,1.4116684262913366,0.3525305864434585,1.7641937035158483e-17,3.7218437506009363,1.3432876461650343,1.0
245,ZNF804A_code_potential_somatic,ENSG00000177606,245,1.0,3.7847237753569773,0.3279626263605146,3.3046020110386858e-15,3.7737940219494486,1.3561311277446062,1.0
251,ZNF804A_code_potential_somatic,ENSG00000177606,251,1.0,3.7847237753569773,0.7020705437872713,1.4989788859365892e-82,5.1770353373814935,1.7912670743571586,1.0
1835,ZNF804A_code_potential_somatic,ENSG00000112658,1835,1.0,1.3030113284688711,0.3052312055335061,2.7937853788989866e-13,4.454340825848042,1.496508060425112,1.0
1839,ZNF804A_code_potential_somatic,ENSG00000112658,1839,1.0,1.3030113284688711,0.43930433182194023,2.919581539654522e-27,4.09395696978068,1.362984004861897,1.0
1838,ZNF804A_code_potential_somatic,ENSG00000112658,1838,1.0,1.3030113284688711,0.20930167100571492,7.681376775996517e-07,4.356829057109548,1.7115102694838178,1.0
3081,ZNF804A_code_potential_somatic,ENSG00000100968,3081,1.0,2.6232073363412027,0.2369518465182283,1.9726345974047266e-08,4.4319269030994075,1.5730691640571084,1.0
