,Mutation,Regulator,Regulon,MutationRegulatorEdge,-log10(p)_MutationRegulatorEdge,RegulatorRegulon_Spearman_R,RegulatorRegulon_Spearman_p-value,Regulon_stratification_t-statistic,-log10(p)_Regulon_stratification,Fraction_of_edges_correctly_aligned
3753,ZNF831_code_potential_somatic,ENSG00000177374,3753,-1.0,3.569427393456458,-0.2563488249131151,1.1339672987923748e-09,5.311885255266148,2.967356454389657,1.0
2949,ZNF831_code_potential_somatic,ENSG00000169016,2949,1.0,4.117900117139443,0.466859931323378,5.163465035177099e-31,3.7832386839495267,1.3297717844630568,1.0
1610,ZNF831_code_potential_somatic,ENSG00000112592,1610,1.0,4.689660752410404,0.5617391398191477,6.761613417344139e-47,8.184899900724353,7.715327899920081,1.0
2351,ZNF831_code_potential_somatic,ENSG00000155959,2351,1.0,1.5735899648329386,0.6798362850601185,1.4597848425820899e-75,7.557137261500702,7.228132739032923,1.0
