,Mutation,Regulator,Regulon,MutationRegulatorEdge,-log10(p)_MutationRegulatorEdge,RegulatorRegulon_Spearman_R,RegulatorRegulon_Spearman_p-value,Regulon_stratification_t-statistic,-log10(p)_Regulon_stratification,Fraction_of_edges_correctly_aligned
1538,ZNF91_code_potential_somatic,ENSG00000113916,1538,1.0,2.250523974705305,0.6841581243819654,7.158883160947051e-77,6.065998607598357,2.783850245155504,0.2
3545,ZNF91_code_potential_somatic,ENSG00000167157,3545,-1.0,1.5359192904053576,0.15623982149578777,0.00024094113892140058,-6.779953189091608,8.040760038461725,1.0
3551,ZNF91_code_potential_somatic,ENSG00000167157,3551,-1.0,1.5359192904053576,0.23820553109920556,1.652084474045135e-08,-2.7321152434062457,1.4555795870665356,1.0
3556,ZNF91_code_potential_somatic,ENSG00000167157,3556,-1.0,1.5359192904053576,0.10586908442227369,0.013151335738841839,-4.020629287330193,3.8272187695978976,1.0
