,Mutation,Regulator,Regulon,MutationRegulatorEdge,-log10(p)_MutationRegulatorEdge,RegulatorRegulon_Spearman_R,RegulatorRegulon_Spearman_p-value,Regulon_stratification_t-statistic,-log10(p)_Regulon_stratification,Fraction_of_edges_correctly_aligned
2954,A2BP1_code_potential_somatic,ENSG00000099326,2954,-1.0,1.3120378702570215,0.2269687177994022,7.816035144319663e-08,-4.518628664051712,4.1958097764745546,1.0
572,A2BP1_code_potential_somatic,ENSG00000090447,572,-1.0,1.6002844990020044,0.1503803056722929,0.00041183508976767,-12.519891106200598,6.4068522510089805,1.0
2534,A2BP1_code_potential_somatic,ENSG00000177732,2534,-1.0,1.6002844990020044,0.23673403730844986,2.0341488626729835e-08,-2.045325032757994,1.3776864951953485,1.0
51,A2BP1_code_potential_somatic,ENSG00000125347,51,-1.0,1.5282006477758203,0.2356356576208395,2.373757388421624e-08,-4.582599662222898,1.4452241134639545,1.0
49,A2BP1_code_potential_somatic,ENSG00000125347,49,-1.0,1.5282006477758203,0.622341580988603,4.516402207164773e-60,-3.9876851722644893,1.4139116494102508,1.0
53,A2BP1_code_potential_somatic,ENSG00000125347,53,-1.0,1.5282006477758203,0.5003526000783005,4.650279995882496e-36,-6.749097867489699,2.622908879566428,1.0
1839,A2BP1_code_potential_somatic,ENSG00000112658,1839,-1.0,2.0301504332219147,0.43930433182194023,2.919581539654522e-27,-3.7051404980800333,1.6051414078431456,1.0
3077,A2BP1_code_potential_somatic,ENSG00000100968,3077,-1.0,1.5665315061096936,0.2735208242594688,7.369346362521313e-11,-5.249061116197038,2.3541402652078975,1.0
2105,A2BP1_code_potential_somatic,ENSG00000183072,2105,-1.0,1.962728460079583,0.1687019086009387,7.227411653022727e-05,-3.254771658384502,1.332838489837086,1.0
