,Mutation,Regulator,Regulon,MutationRegulatorEdge,-log10(p)_MutationRegulatorEdge,RegulatorRegulon_Spearman_R,RegulatorRegulon_Spearman_p-value,Regulon_stratification_t-statistic,-log10(p)_Regulon_stratification,Fraction_of_edges_correctly_aligned
875,ABCA9_code_potential_somatic,ENSG00000132005,875,1.0,1.3501348389187313,-0.34280398695128145,1.480802640841583e-16,-5.07700648435294,3.6065009121979967,1.0
983,ABCA9_code_potential_somatic,ENSG00000282899,983,1.0,1.3501348389187313,-0.36134176015071495,2.4068159270105092e-18,-3.7544128945713364,1.4033229967762852,1.0
2216,ABCA9_code_potential_somatic,ENSG00000187140,2216,1.0,1.3501348389187313,-0.26509930892369654,2.8857713000279834e-10,-4.320775824335313,1.5514409231330586,1.0
2209,ABCA9_code_potential_somatic,ENSG00000187140,2209,1.0,1.3501348389187313,-0.3347616488853905,8.134929841845888e-16,-14.897226496303633,8.310346736047922,1.0
2230,ABCA9_code_potential_somatic,ENSG00000187140,2230,1.0,1.3501348389187313,-0.37423926209363173,1.1634541780288268e-19,-3.1967334610274243,1.7738972490403402,1.0
2227,ABCA9_code_potential_somatic,ENSG00000187140,2227,1.0,1.3501348389187313,-0.35768953704612905,5.5374193482385716e-18,-7.05329584451991,2.4614560710470794,1.0
