,Mutation,Regulator,Regulon,MutationRegulatorEdge,-log10(p)_MutationRegulatorEdge,RegulatorRegulon_Spearman_R,RegulatorRegulon_Spearman_p-value,Regulon_stratification_t-statistic,-log10(p)_Regulon_stratification,Fraction_of_edges_correctly_aligned
3441,ABCB4_code_potential_somatic,ENSG00000140044,3441,-1.0,1.3477623318611338,-0.33179875187374624,1.5049103791338916e-15,3.7621498846681294,1.840136625547241,1.0
3483,ABCB4_code_potential_somatic,ENSG00000129654,3483,-1.0,1.5670044292149357,-0.24889044546759598,3.4995321864637055e-09,5.0466517343699575,2.619069909449305,1.0
3484,ABCB4_code_potential_somatic,ENSG00000129654,3484,-1.0,1.5670044292149357,-0.30103340151993935,6.084995688545159e-13,5.150357045633579,2.44526425208013,1.0
3486,ABCB4_code_potential_somatic,ENSG00000129654,3486,-1.0,1.5670044292149357,-0.2375131044652201,1.8223077992117732e-08,2.74170879763643,1.5047013857509624,1.0
1472,ABCB4_code_potential_somatic,ENSG00000087510,1472,-1.0,1.7494072513301224,0.34614519122009924,7.190152436748869e-17,-2.8657038162358357,1.4996574510272167,1.0
1475,ABCB4_code_potential_somatic,ENSG00000087510,1475,-1.0,1.7494072513301224,0.3591236935088842,3.997301619713854e-18,-3.4459601755885116,1.9508586837151047,1.0
1917,ABCB4_code_potential_somatic,ENSG00000167034,1917,-1.0,2.1050819197487307,-0.33248572226722545,1.3056476504494472e-15,2.8527506530099322,1.4060918250293113,1.0
1601,ABCB4_code_potential_somatic,ENSG00000112592,1601,1.0,1.3087881985902121,0.4138545616372719,4.350188014595611e-24,5.671077997760726,3.020056694084341,1.0
1183,ABCB4_code_potential_somatic,ENSG00000100811,1183,1.0,1.805741693177788,0.43649723997740386,6.740456233367988e-27,2.8001554913710693,1.3947926708842604,1.0
