,Mutation,Regulator,Regulon,MutationRegulatorEdge,-log10(p)_MutationRegulatorEdge,RegulatorRegulon_Spearman_R,RegulatorRegulon_Spearman_p-value,Regulon_stratification_t-statistic,-log10(p)_Regulon_stratification,Fraction_of_edges_correctly_aligned
1238,ABCB1_code_potential_somatic,ENSG00000151702,1238,1.0,1.6166854231927559,0.6335156236726455,7.943540603589842e-63,2.4015117068185976,1.4153766370774714,1.0
3482,ABCB1_code_potential_somatic,ENSG00000203883,3482,1.0,2.3658342875929823,0.23209470843207486,3.884684479180556e-08,2.3127611344076073,1.3211956307986183,1.0
3480,ABCB1_code_potential_somatic,ENSG00000203883,3480,1.0,2.3658342875929823,0.11423360216400416,0.0074328701632500145,2.480092066830632,1.4439184170624835,1.0
3376,ABCB1_code_potential_somatic,ENSG00000137273,3376,1.0,2.514827327950019,0.4518914728241265,6.218274453371455e-29,3.1016701079649684,1.9564733369008473,1.0
