,Mutation,Regulator,Regulon,MutationRegulatorEdge,-log10(p)_MutationRegulatorEdge,RegulatorRegulon_Spearman_R,RegulatorRegulon_Spearman_p-value,Regulon_stratification_t-statistic,-log10(p)_Regulon_stratification,Fraction_of_edges_correctly_aligned
1770,ABCC4_code_potential_somatic,ENSG00000116017,1770,1.0,1.6804603437701322,0.26045321962044615,6.005564442726868e-10,5.347932348739917,2.125524516754974,0.5
1,ABCC4_code_potential_somatic,ENSG00000147862,1,1.0,2.700646276615005,-0.34791313328282963,4.8886237929099734e-17,-3.5354534753951454,1.4057589949484581,1.0
1235,ABCC4_code_potential_somatic,ENSG00000110777,1235,-1.0,2.4691945895875316,0.36754829584680226,5.697930515715456e-19,-6.277468580896113,2.5455969426265437,1.0
1055,ABCC4_code_potential_somatic,ENSG00000005889,1055,1.0,1.4382181341160991,0.29459508669965967,1.959838665532528e-12,3.803547083444993,1.307382546845607,1.0
1204,ABCC4_code_potential_somatic,ENSG00000100811,1204,1.0,1.8030183712236,0.49941901744931055,6.5434422067206e-36,3.9643328825985487,1.5015913304333115,1.0
1202,ABCC4_code_potential_somatic,ENSG00000100811,1202,1.0,1.8030183712236,0.2825376296947382,1.6205865875660708e-11,5.25364702323289,2.027310020631174,1.0
1200,ABCC4_code_potential_somatic,ENSG00000100811,1200,1.0,1.8030183712236,0.3719153873565801,2.02867539310328e-19,4.1526315363439,1.3975086326423058,1.0
