,Mutation,Regulator,Regulon,MutationRegulatorEdge,-log10(p)_MutationRegulatorEdge,RegulatorRegulon_Spearman_R,RegulatorRegulon_Spearman_p-value,Regulon_stratification_t-statistic,-log10(p)_Regulon_stratification,Fraction_of_edges_correctly_aligned
3699,ADAM22_code_potential_somatic,ENSG00000163884,3699,-1.0,1.800966801078329,-0.2637062843899924,3.600354452648664e-10,4.868017194414282,2.685493914004368,1.0
3481,ADAM22_code_potential_somatic,ENSG00000203883,3481,1.0,2.4785717373031453,0.29219918539209705,3.0061923892346764e-12,6.345172233066573,2.9267429024026446,1.0
3385,ADAM22_code_potential_somatic,ENSG00000137273,3385,1.0,2.6432881855440202,0.31872983469177885,2.0975157116237222e-14,4.377357807347857,2.3510020898685475,1.0
1206,ADAM22_code_potential_somatic,ENSG00000172059,1206,1.0,1.7490499463885159,0.27754427881853927,3.7747665833542725e-11,3.543724942178306,1.550601679700902,1.0
1210,ADAM22_code_potential_somatic,ENSG00000172059,1210,1.0,1.7490499463885159,0.33848462687721903,3.7199880531825568e-16,3.8240870736058206,1.6215321577322004,1.0
