,Mutation,Regulator,Regulon,MutationRegulatorEdge,-log10(p)_MutationRegulatorEdge,RegulatorRegulon_Spearman_R,RegulatorRegulon_Spearman_p-value,Regulon_stratification_t-statistic,-log10(p)_Regulon_stratification,Fraction_of_edges_correctly_aligned
3004,ADCY5_code_potential_somatic,ENSG00000077463,3004,1.0,4.462967005691759,0.29407021535985883,2.153139191007608e-12,3.7092341930376604,1.7660655517512698,1.0
2640,ADCY5_code_potential_somatic,ENSG00000126767,2640,1.0,1.4018579315919455,0.3679243817758663,5.2162881321656205e-19,4.539428334070005,2.152513342787811,1.0
3296,ADCY5_code_potential_somatic,ENSG00000105722,3296,1.0,3.6686098472825295,0.433473359789824,1.6456669978467872e-26,3.084079418904714,1.5290801870364081,1.0
1425,ADCY5_code_potential_somatic,ENSG00000141448,1425,-1.0,2.764168911968428,0.26666125119340894,2.2483415820679631e-10,-2.4021906439359957,1.3016520196935801,1.0
643,ADCY5_code_potential_somatic,ENSG00000071564,643,1.0,1.3953974672914469,0.4571619160997757,1.182367072171057e-29,4.695583274173161,2.3719534376591254,1.0
