,Mutation,Regulator,Regulon,MutationRegulatorEdge,-log10(p)_MutationRegulatorEdge,RegulatorRegulon_Spearman_R,RegulatorRegulon_Spearman_p-value,Regulon_stratification_t-statistic,-log10(p)_Regulon_stratification,Fraction_of_edges_correctly_aligned
2810,AGAP6_code_potential_somatic,ENSG00000277615,2810,-1.0,2.0146673707192537,0.3974048984248537,3.546085412454889e-22,-7.711603560081217,5.586500280776711,1.0
960,AGAP6_code_potential_somatic,ENSG00000101412,960,1.0,1.4146065535757126,0.6491518019355196,7.070099083657812e-67,3.500268713258931,2.5324172667369806,1.0
962,AGAP6_code_potential_somatic,ENSG00000101412,962,1.0,1.4146065535757126,0.5285187508062114,9.327641426056122e-41,3.5291001642369544,1.345682315009322,1.0
1528,AGAP6_code_potential_somatic,ENSG00000113916,1528,-1.0,2.482596483817313,0.23419747514864003,2.902247465447069e-08,-3.167865225216874,1.4791142822270469,1.0
1538,AGAP6_code_potential_somatic,ENSG00000113916,1538,-1.0,2.482596483817313,0.6841581243819654,7.158883160947051e-77,-3.7406249156701037,1.4576153229647508,1.0
494,AGAP6_code_potential_somatic,ENSG00000068305,494,-1.0,1.4171013109580102,0.43361540610406846,1.5784080008314714e-26,-8.317311568721399,2.9240275442654036,1.0
489,AGAP6_code_potential_somatic,ENSG00000068305,489,-1.0,1.4171013109580102,0.3602522036684555,3.0894830510338585e-18,-5.1127989712652475,3.8982724963011375,1.0
131,AGAP6_code_potential_somatic,ENSG00000105967,131,-1.0,1.7313064970780174,-0.3725669920096032,1.7366177483631867e-19,4.770927389830113,2.223544224712939,1.0
130,AGAP6_code_potential_somatic,ENSG00000105967,130,-1.0,1.7313064970780174,0.8195316161333988,3.8518852246219126e-134,-4.510486550359378,1.6014870026894599,1.0
