,Mutation,Regulator,Regulon,MutationRegulatorEdge,-log10(p)_MutationRegulatorEdge,RegulatorRegulon_Spearman_R,RegulatorRegulon_Spearman_p-value,Regulon_stratification_t-statistic,-log10(p)_Regulon_stratification,Fraction_of_edges_correctly_aligned
2956,AKD1_code_potential_somatic,ENSG00000099326,2956,1.0,1.6267361565717948,0.30407842823274045,3.463977880396004e-13,5.1301208632219595,1.9206083457722685,1.0
1091,AKD1_code_potential_somatic,ENSG00000070444,1091,1.0,2.1919499586984466,0.536417196733489,3.727865465651485e-42,4.6377467515944035,1.5028052234564666,1.0
1671,AKD1_code_potential_somatic,ENSG00000143190,1671,1.0,1.331802497736886,0.6283377875936546,1.5506344681529434e-61,3.811973977000063,1.3268096544998622,1.0
1662,AKD1_code_potential_somatic,ENSG00000143190,1662,1.0,1.331802497736886,0.49261829493817083,7.631470075785453e-35,7.909074502099202,11.571293507720824,1.0
2559,AKD1_code_potential_somatic,ENSG00000175745,2559,1.0,1.5068738779604476,0.45180951180913126,6.3794309476921e-29,4.8544901116739485,1.5261172236800815,1.0
2987,AKD1_code_potential_somatic,ENSG00000168066,2987,1.0,1.3217725459228244,0.3473904495146034,5.480663504407979e-17,3.94416997874071,1.5756040253496637,1.0
335,AKD1_code_potential_somatic,ENSG00000134532,335,1.0,1.316339092564491,0.4231308859803424,3.2587484611528784e-25,4.728561525797436,1.5477378016361583,1.0
1235,AKD1_code_potential_somatic,ENSG00000110777,1235,-1.0,2.7743741769212704,0.36754829584680226,5.697930515715456e-19,-5.52989438140464,2.0152991240658653,1.0
