,Mutation,Regulator,Regulon,MutationRegulatorEdge,-log10(p)_MutationRegulatorEdge,RegulatorRegulon_Spearman_R,RegulatorRegulon_Spearman_p-value,Regulon_stratification_t-statistic,-log10(p)_Regulon_stratification,Fraction_of_edges_correctly_aligned
960,APOBEC1_code_potential_somatic,ENSG00000101412,960,1.0,2.072234043394435,0.6491518019355196,7.070099083657812e-67,4.011165863382887,1.3961557088635443,1.0
2538,APOBEC1_code_potential_somatic,ENSG00000177732,2538,1.0,1.8183348322931705,-0.40340927196378373,7.318506353990884e-23,-5.556524802371145,2.062112014999724,1.0
2532,APOBEC1_code_potential_somatic,ENSG00000177732,2532,1.0,1.8183348322931705,-0.24271463923626918,8.658729635365614e-09,-11.305199763163186,12.574557899976382,1.0
3712,APOBEC1_code_potential_somatic,ENSG00000163435,3712,-1.0,2.8874524817750995,0.23974326076647987,1.3273277728038533e-08,-4.224427732106721,1.4766372283775515,1.0
2823,APOBEC1_code_potential_somatic,ENSG00000126456,2823,1.0,6.15383970470104,0.4195568315417488,8.929547673661836e-25,4.1919844974358655,1.3805672403337688,1.0
1478,APOBEC1_code_potential_somatic,ENSG00000087510,1478,-1.0,13.443940943494837,0.18597004834244504,1.1770953620639454e-05,-3.6194730542066686,2.2982447889730606,1.0
3591,APOBEC1_code_potential_somatic,ENSG00000100219,3591,-1.0,1.459164319132679,0.4013364020587382,1.266475048141702e-22,-6.115581160135398,2.295164074052519,1.0
