,Mutation,Regulator,Regulon,MutationRegulatorEdge,-log10(p)_MutationRegulatorEdge,RegulatorRegulon_Spearman_R,RegulatorRegulon_Spearman_p-value,Regulon_stratification_t-statistic,-log10(p)_Regulon_stratification,Fraction_of_edges_correctly_aligned
2099,APOB_code_potential_somatic,ENSG00000105856,2099,1.0,1.5035568058509774,0.3573815993292031,5.9375185629319885e-18,3.0796372459780255,2.03420137548309,1.0
2096,APOB_code_potential_somatic,ENSG00000105856,2096,1.0,1.5035568058509774,0.3961684829708856,4.888121905985231e-22,2.240860794178194,1.3540109647482235,1.0
2032,APOB_code_potential_somatic,ENSG00000054598,2032,1.0,1.4035304649657447,0.29395303444251236,2.1987764799158302e-12,2.267584837817439,1.3914870059486708,1.0
2885,APOB_code_potential_somatic,ENSG00000136535,2885,-1.0,2.5564574493558987,-0.1740189505436227,4.2095410235556445e-05,2.5214849965515134,1.6127306033218236,1.0
