,Mutation,Regulator,Regulon,MutationRegulatorEdge,-log10(p)_MutationRegulatorEdge,RegulatorRegulon_Spearman_R,RegulatorRegulon_Spearman_p-value,Regulon_stratification_t-statistic,-log10(p)_Regulon_stratification,Fraction_of_edges_correctly_aligned
2607,ARHGAP5_code_potential_somatic,ENSG00000196482,2607,-1.0,1.663848442673976,0.4543449801831537,2.881577974829384e-29,-5.806630926942366,6.9030921297060015,0.5
2894,ARHGAP5_code_potential_somatic,ENSG00000183918,2894,-1.0,1.6049851425843733,-0.4147288664466925,3.419186821723198e-24,5.499738548833489,2.4535447094498517,1.0
1392,ARHGAP5_code_potential_somatic,ENSG00000125398,1392,1.0,2.063629283760924,-0.4753318126794128,3.0824486112951023e-32,-4.785899902718515,1.7152266529823406,1.0
7,ARHGAP5_code_potential_somatic,ENSG00000126351,7,-1.0,2.9813864141599278,0.5924389359447688,3.1973683806405464e-53,-4.539179010305254,1.5745245716921188,0.5
2885,ARHGAP5_code_potential_somatic,ENSG00000136535,2885,-1.0,1.4047176930463545,-0.1740189505436227,4.2095410235556445e-05,4.485307368023162,1.6969486215624296,1.0
1361,ARHGAP5_code_potential_somatic,ENSG00000173153,1361,-1.0,1.5374564414912673,0.1917439298717055,6.17314799274213e-06,-3.7007620471783755,1.3870606835337862,0.5
2485,ARHGAP5_code_potential_somatic,ENSG00000106511,2485,1.0,1.923875991882667,0.563785904703403,2.6838864980021504e-47,3.8175497456675695,1.3495979073061513,0.5
2178,ARHGAP5_code_potential_somatic,ENSG00000133794,2178,1.0,1.5532268706068904,0.33168835242828104,1.5396045257325189e-15,3.757616172109909,2.1056613979808927,1.0
