,Mutation,Regulator,Regulon,MutationRegulatorEdge,-log10(p)_MutationRegulatorEdge,RegulatorRegulon_Spearman_R,RegulatorRegulon_Spearman_p-value,Regulon_stratification_t-statistic,-log10(p)_Regulon_stratification,Fraction_of_edges_correctly_aligned
1436,ARMC4_code_potential_somatic,ENSG00000221869,1436,1.0,2.3048261769855034,-0.01286357713016423,0.7638312995092155,-3.721774615392987,1.5445045614596726,1.0
3597,ARMC4_code_potential_somatic,ENSG00000168779,3597,1.0,1.4063572672043427,0.35609604292540536,7.938393125223019e-18,5.023626936909491,2.3810430958508215,1.0
3555,ARMC4_code_potential_somatic,ENSG00000167157,3555,-1.0,1.891581493213173,-0.27368458510233973,7.172925409510738e-11,2.806274063031706,1.3018923900865196,1.0
3399,ARMC4_code_potential_somatic,ENSG00000120149,3399,-1.0,2.79277969078724,0.12252588389376366,0.004071887528659675,-2.597444913751702,1.37860071437034,1.0
3398,ARMC4_code_potential_somatic,ENSG00000120149,3398,-1.0,2.79277969078724,0.19005162450158916,7.473825507774001e-06,-3.5832510506379966,2.2751975031787617,1.0
1918,ARMC4_code_potential_somatic,ENSG00000167034,1918,-1.0,1.4574999945027092,-0.2597870311569257,6.66324397158564e-10,3.5917671597825844,1.6353330085608053,1.0
1235,ARMC4_code_potential_somatic,ENSG00000110777,1235,-1.0,2.311280734894364,0.36754829584680226,5.697930515715456e-19,-3.0957269739082336,1.33140473121114,1.0
3424,ARMC4_code_potential_somatic,ENSG00000105610,3424,-1.0,2.551751600737673,-0.20123048029173637,2.0484163659216478e-06,3.5569332168022214,1.5339433138684333,1.0
