,Mutation,Regulator,Regulon,MutationRegulatorEdge,-log10(p)_MutationRegulatorEdge,RegulatorRegulon_Spearman_R,RegulatorRegulon_Spearman_p-value,Regulon_stratification_t-statistic,-log10(p)_Regulon_stratification,Fraction_of_edges_correctly_aligned
2980,ASCC3_code_potential_somatic,ENSG00000187079,2980,1.0,1.5672948388036867,0.34025801823370083,2.5530111958010085e-16,7.383675676733581,2.813202799646301,1.0
2567,ASCC3_code_potential_somatic,ENSG00000175745,2567,1.0,1.5094679255365344,0.403672874338524,6.823610089733771e-23,2.9337531163785178,1.3067586402468852,1.0
1288,ASCC3_code_potential_somatic,ENSG00000118263,1288,1.0,1.4029366797884764,0.4449642357569221,5.275683015253646e-28,2.965158149769201,1.3014024016000203,1.0
1292,ASCC3_code_potential_somatic,ENSG00000118263,1292,1.0,1.4029366797884764,0.5005456168102334,4.332669506832742e-36,3.835980414156369,1.8265486945349483,1.0
