,Mutation,Regulator,Regulon,MutationRegulatorEdge,-log10(p)_MutationRegulatorEdge,RegulatorRegulon_Spearman_R,RegulatorRegulon_Spearman_p-value,Regulon_stratification_t-statistic,-log10(p)_Regulon_stratification,Fraction_of_edges_correctly_aligned
3753,ASZ1_code_potential_somatic,ENSG00000177374,3753,-1.0,5.930585805877939,-0.2563488249131151,1.1339672987923748e-09,4.082015965845594,3.8098710679259655,1.0
3606,ASZ1_code_potential_somatic,ENSG00000166478,3606,1.0,1.6007392383571393,0.5588034916850769,2.51626080751731e-46,4.7600772704869865,2.7996537411142075,1.0
946,ASZ1_code_potential_somatic,ENSG00000001167,946,1.0,2.123123190531646,0.3569742005829587,6.510849095546955e-18,4.52665994729341,2.0681353456291407,1.0
2948,ASZ1_code_potential_somatic,ENSG00000169016,2948,1.0,2.2223540063424387,0.4359093665762544,8.02340715052771e-27,7.959560285025293,9.528558650042115,1.0
3549,ASZ1_code_potential_somatic,ENSG00000167157,3549,-1.0,6.237361956294137,-0.34601186181597215,7.401690541142171e-17,10.429119130663471,9.699708307340469,1.0
781,ASZ1_code_potential_somatic,ENSG00000115415,781,1.0,1.4683697593239156,0.4345810731161528,1.1879252061148028e-26,5.6545344810837035,1.9965376033407891,1.0
1610,ASZ1_code_potential_somatic,ENSG00000112592,1610,1.0,2.7152703906949376,0.5617391398191477,6.761613417344139e-47,5.158826985446144,2.1729969224500545,1.0
1606,ASZ1_code_potential_somatic,ENSG00000112592,1606,1.0,2.7152703906949376,0.41310313080139427,5.347482013806556e-24,5.0212846784799465,1.9609837353769044,1.0
