,Mutation,Regulator,Regulon,MutationRegulatorEdge,-log10(p)_MutationRegulatorEdge,RegulatorRegulon_Spearman_R,RegulatorRegulon_Spearman_p-value,Regulon_stratification_t-statistic,-log10(p)_Regulon_stratification,Fraction_of_edges_correctly_aligned
2214,ATF7IP2_code_potential_somatic,ENSG00000187140,2214,-1.0,2.969743271892495,-0.23871089775635182,1.537676928478932e-08,3.65122297123183,1.7366240919735667,1.0
2213,ATF7IP2_code_potential_somatic,ENSG00000187140,2213,-1.0,2.969743271892495,-0.32520348264683924,5.779002007452825e-15,3.0477114821171343,1.3830569993249469,1.0
1977,ATF7IP2_code_potential_somatic,ENSG00000179348,1977,-1.0,1.3633841443033088,-0.27773576425036994,3.655476434820277e-11,4.056241780375103,1.7182967505185627,1.0
