,Mutation,Regulator,Regulon,MutationRegulatorEdge,-log10(p)_MutationRegulatorEdge,RegulatorRegulon_Spearman_R,RegulatorRegulon_Spearman_p-value,Regulon_stratification_t-statistic,-log10(p)_Regulon_stratification,Fraction_of_edges_correctly_aligned
1689,ATM_code_potential_somatic,ENSG00000105997,1689,-1.0,1.5194024069885972,-0.157712891001128,0.000209930427719678,3.7571901362364435,1.673087585465376,1.0
2054,ATM_code_potential_somatic,ENSG00000054598,2054,1.0,1.4456605937492901,0.31473190180107874,4.578765605275875e-14,4.057055507138617,1.6884583441776648,1.0
1644,ATM_code_potential_somatic,ENSG00000138795,1644,1.0,1.5425612260768995,0.41089995454955464,9.76497921677837e-24,2.9171075012454226,1.3121624582661828,1.0
1658,ATM_code_potential_somatic,ENSG00000138795,1658,1.0,1.5425612260768995,0.3525305864434585,1.7641937035158483e-17,3.385988483127827,1.4684855412949547,1.0
3481,ATM_code_potential_somatic,ENSG00000203883,3481,1.0,1.7041759590346064,0.29219918539209705,3.0061923892346764e-12,5.314725627651672,2.2206058587722755,1.0
3377,ATM_code_potential_somatic,ENSG00000137273,3377,1.0,1.4892376196346753,0.4214466017059996,5.248179486061119e-25,5.8178505477080344,2.879491242088434,1.0
