,Mutation,Regulator,Regulon,MutationRegulatorEdge,-log10(p)_MutationRegulatorEdge,RegulatorRegulon_Spearman_R,RegulatorRegulon_Spearman_p-value,Regulon_stratification_t-statistic,-log10(p)_Regulon_stratification,Fraction_of_edges_correctly_aligned
2602,BNC2_code_potential_somatic,ENSG00000087903,2602,1.0,2.0892167259547367,0.40086724087503744,1.433083479882713e-22,7.025230036387175,2.2076056401269835,1.0
2598,BNC2_code_potential_somatic,ENSG00000087903,2598,1.0,2.0892167259547367,0.36823574612998544,4.848065539250322e-19,5.1403228377699355,1.6803660038896968,1.0
3363,BNC2_code_potential_somatic,ENSG00000105516,3363,1.0,1.9130480874480715,0.40384926552648986,6.51105186434234e-23,2.390459274201003,1.6471997475444122,1.0
1491,BNC2_code_potential_somatic,ENSG00000129194,1491,1.0,2.0892167259547367,-0.2818553261206182,1.8208992676878206e-11,-6.394914774316495,2.3944941568749,1.0
1494,BNC2_code_potential_somatic,ENSG00000129194,1494,1.0,2.0892167259547367,-0.21446623581715313,4.016987531438759e-07,-2.650785319276069,1.3356196361477053,1.0
703,BNC2_code_potential_somatic,ENSG00000168310,703,1.0,2.700187794184118,0.588297425439722,2.4990299088819376e-52,9.883112563668924,17.553563315896362,1.0
1504,BNC2_code_potential_somatic,ENSG00000185591,1504,-1.0,1.45640354644615,-0.31124775655420145,8.955403958116932e-14,5.814611471698926,1.797160802598097,1.0
1503,BNC2_code_potential_somatic,ENSG00000185591,1503,-1.0,1.45640354644615,0.19433248331593853,4.592792667883687e-06,-5.107704347317964,1.9235608835265179,1.0
779,BNC2_code_potential_somatic,ENSG00000115415,779,-1.0,2.241236297163109,0.36896850968842637,4.079528586349111e-19,-7.384202826465177,4.3064575841697526,1.0
