,Mutation,Regulator,Regulon,MutationRegulatorEdge,-log10(p)_MutationRegulatorEdge,RegulatorRegulon_Spearman_R,RegulatorRegulon_Spearman_p-value,Regulon_stratification_t-statistic,-log10(p)_Regulon_stratification,Fraction_of_edges_correctly_aligned
3751,BRAF_code_potential_somatic,ENSG00000163666,3751,-1.0,1.5070182623716193,0.24013607570222692,1.2548504380198814e-08,-3.4229649384264733,1.6201639511425268,1.0
969,BRAF_code_potential_somatic,ENSG00000101412,969,-1.0,1.597022449948767,0.30638886841078833,2.2490507116586325e-13,-3.89970009016172,1.8829083895293905,1.0
960,BRAF_code_potential_somatic,ENSG00000101412,960,-1.0,1.597022449948767,0.6491518019355196,7.070099083657812e-67,-4.1244376216427066,2.8085383488545483,1.0
965,BRAF_code_potential_somatic,ENSG00000101412,965,-1.0,1.597022449948767,0.6201656764623934,1.50771877898473e-59,-3.2950151555144904,1.7489375941978291,1.0
571,BRAF_code_potential_somatic,ENSG00000090447,571,-1.0,1.5761105083432487,-0.2677949285819863,1.8738850665632585e-10,3.2742820618861983,1.716416583478011,1.0
3343,BRAF_code_potential_somatic,ENSG00000102974,3343,-1.0,3.285133473051505,0.2721245702424493,9.271396811174994e-11,-3.4968046426774966,1.5461971128106606,1.0
3459,BRAF_code_potential_somatic,ENSG00000278129,3459,-1.0,2.090640903927627,0.2533305594925767,1.7969894084824001e-09,-3.6208577818246424,2.1945366340584216,1.0
