,Mutation,Regulator,Regulon,MutationRegulatorEdge,-log10(p)_MutationRegulatorEdge,RegulatorRegulon_Spearman_R,RegulatorRegulon_Spearman_p-value,Regulon_stratification_t-statistic,-log10(p)_Regulon_stratification,Fraction_of_edges_correctly_aligned
2601,BRCA2_code_potential_somatic,ENSG00000087903,2601,-1.0,1.5597946118752761,0.4393491041201672,2.880696229003802e-27,-4.086800587311772,1.5080595695018943,1.0
2830,BRCA2_code_potential_somatic,ENSG00000126456,2830,-1.0,1.4571592238158475,0.5963904193990348,4.371680359735945e-54,-4.377900641327248,1.3709497725660873,1.0
3489,BRCA2_code_potential_somatic,ENSG00000129654,3489,-1.0,1.3962499636026477,-0.2773530850629186,3.897662096172823e-11,7.009993341588721,2.039679635632788,1.0
