,Mutation,Regulator,Regulon,MutationRegulatorEdge,-log10(p)_MutationRegulatorEdge,RegulatorRegulon_Spearman_R,RegulatorRegulon_Spearman_p-value,Regulon_stratification_t-statistic,-log10(p)_Regulon_stratification,Fraction_of_edges_correctly_aligned
470,BRD8_code_potential_somatic,ENSG00000172216,470,-1.0,2.3664868180116034,0.7912697226895726,9.865638401480642e-119,-4.678712257597736,1.5985297357698844,0.75
478,BRD8_code_potential_somatic,ENSG00000172216,478,-1.0,2.3664868180116034,0.5755761863000123,1.1527766325315883e-49,-3.9114906255638857,1.3620318588390472,0.75
458,BRD8_code_potential_somatic,ENSG00000172216,458,-1.0,2.3664868180116034,0.6437152490583052,1.92593106774297e-65,-3.5693268221218943,1.3250526425465898,0.75
3668,BRD8_code_potential_somatic,ENSG00000198517,3668,-1.0,1.3441372454200315,-0.15469733233667574,0.00027797277635311095,2.943279327032182,1.4439478561025219,1.0
1646,BRD8_code_potential_somatic,ENSG00000138795,1646,-1.0,2.3788668893018223,0.4449703609573309,5.265831785172236e-28,-3.2268410505198406,1.3492403003624038,1.0
2991,BRD8_code_potential_somatic,ENSG00000168066,2991,1.0,1.7411878308232047,-0.3072062180701142,1.928606517546139e-13,-3.9163589562837986,1.4757806792734274,1.0
1301,BRD8_code_potential_somatic,ENSG00000197905,1301,-1.0,1.3991259009425157,0.4110989506437914,9.249744444527794e-24,-4.258333339182446,2.1603420285634023,1.0
