,Mutation,Regulator,Regulon,MutationRegulatorEdge,-log10(p)_MutationRegulatorEdge,RegulatorRegulon_Spearman_R,RegulatorRegulon_Spearman_p-value,Regulon_stratification_t-statistic,-log10(p)_Regulon_stratification,Fraction_of_edges_correctly_aligned
1100,C15orf2_code_potential_somatic,ENSG00000176887,1100,1.0,1.6853067542510667,0.5747518364116476,1.6996917970202137e-49,3.3558990197448013,1.6678681001972604,1.0
198,C15orf2_code_potential_somatic,ENSG00000125820,198,1.0,1.6942754140488747,0.20943693584807813,7.55361595483515e-07,3.12088379903969,1.4909738271486592,1.0
1553,C15orf2_code_potential_somatic,ENSG00000182568,1553,1.0,1.705740573184318,-0.2721106427034243,9.292593986974199e-11,-2.915525049381652,1.4626128488976042,1.0
1566,C15orf2_code_potential_somatic,ENSG00000182568,1566,1.0,1.705740573184318,-0.24212873464953683,9.423878474541465e-09,-5.6838098045600445,3.3975461150596895,1.0
