,Mutation,Regulator,Regulon,MutationRegulatorEdge,-log10(p)_MutationRegulatorEdge,RegulatorRegulon_Spearman_R,RegulatorRegulon_Spearman_p-value,Regulon_stratification_t-statistic,-log10(p)_Regulon_stratification,Fraction_of_edges_correctly_aligned
2322,C5AR1_code_potential_somatic,ENSG00000135457,2322,1.0,1.3020414137471799,0.5411807067562492,5.129900190789167e-43,5.2433218822183685,1.508346698086661,1.0
1538,C5AR1_code_potential_somatic,ENSG00000113916,1538,1.0,1.4744979783520828,0.6841581243819654,7.158883160947051e-77,7.341431636693406,2.401302274379578,1.0
3549,C5AR1_code_potential_somatic,ENSG00000167157,3549,-1.0,5.109549193043041,-0.34601186181597215,7.401690541142171e-17,4.014351239426105,1.411814570946603,1.0
3556,C5AR1_code_potential_somatic,ENSG00000167157,3556,-1.0,5.109549193043041,0.10586908442227369,0.013151335738841839,-3.6004181394367714,1.439518286625119,1.0
3032,C5AR1_code_potential_somatic,ENSG00000166949,3032,1.0,2.396770263801133,0.2718274251035651,9.734034366820953e-11,5.485366905619647,3.464095101549636,1.0
3195,C5AR1_code_potential_somatic,ENSG00000176165,3195,1.0,1.7216497376269904,0.26173608451084845,4.912321927136984e-10,6.628273544633659,1.8905121478106632,1.0
2881,C5AR1_code_potential_somatic,ENSG00000118260,2881,1.0,1.304544330755007,0.4652792650226192,8.660774891209532e-31,4.053472811871174,1.325773994176206,1.0
