,Mutation,Regulator,Regulon,MutationRegulatorEdge,-log10(p)_MutationRegulatorEdge,RegulatorRegulon_Spearman_R,RegulatorRegulon_Spearman_p-value,Regulon_stratification_t-statistic,-log10(p)_Regulon_stratification,Fraction_of_edges_correctly_aligned
1100,CALN1_code_potential_somatic,ENSG00000176887,1100,-1.0,2.805586988594145,0.5747518364116476,1.6996917970202137e-49,-3.432088833539942,2.0137318657340884,1.0
3264,CALN1_code_potential_somatic,ENSG00000184481,3264,-1.0,1.676303886080128,0.25129859717597636,2.44176272655712e-09,-2.6723219327875385,1.5185524215458825,1.0
3265,CALN1_code_potential_somatic,ENSG00000184481,3265,-1.0,1.676303886080128,0.3577604138068726,5.449156345779989e-18,-3.673084169325875,2.170683729282725,1.0
196,CALN1_code_potential_somatic,ENSG00000125820,196,-1.0,2.971642664970786,0.6110351173052444,2.1427077529094173e-57,-5.170261818634826,3.1427103132313383,1.0
2158,CALN1_code_potential_somatic,ENSG00000124766,2158,-1.0,1.4731293967000705,0.7488274069467211,1.3197331325854062e-99,-4.168739525945141,2.639531312217504,1.0
2171,CALN1_code_potential_somatic,ENSG00000124766,2171,-1.0,1.4731293967000705,-0.23583319533402652,2.3088807066249028e-08,3.8437563588689203,2.1806424565326386,1.0
781,CALN1_code_potential_somatic,ENSG00000115415,781,1.0,1.3371292400918426,0.4345810731161528,1.1879252061148028e-26,2.4348133108524705,1.4213717734372768,1.0
