,Mutation,Regulator,Regulon,MutationRegulatorEdge,-log10(p)_MutationRegulatorEdge,RegulatorRegulon_Spearman_R,RegulatorRegulon_Spearman_p-value,Regulon_stratification_t-statistic,-log10(p)_Regulon_stratification,Fraction_of_edges_correctly_aligned
2946,CCDC146_code_potential_somatic,ENSG00000100644,2946,-1.0,1.6863643710963665,0.4403489701678677,2.1341629499025122e-27,-4.476908760735462,1.8195730910080012,1.0
372,CCDC146_code_potential_somatic,ENSG00000112561,372,-1.0,1.391082837382914,0.3576730567819933,5.558143064804769e-18,-5.472204457359694,1.6674080786907834,1.0
371,CCDC146_code_potential_somatic,ENSG00000112561,371,-1.0,1.391082837382914,0.3455223363089412,8.232171146233444e-17,-3.9484585900231477,1.4506779433462915,1.0
