,Mutation,Regulator,Regulon,MutationRegulatorEdge,-log10(p)_MutationRegulatorEdge,RegulatorRegulon_Spearman_R,RegulatorRegulon_Spearman_p-value,Regulon_stratification_t-statistic,-log10(p)_Regulon_stratification,Fraction_of_edges_correctly_aligned
1780,CCDC129_code_potential_somatic,ENSG00000197063,1780,1.0,2.119485133087654,-0.1927438688384586,5.509328371652922e-06,-5.696934978755584,2.0553065357376266,1.0
949,CCDC129_code_potential_somatic,ENSG00000001167,949,-1.0,1.5366791805211233,0.3478501312214809,4.9565070544709605e-17,-6.2045447359623465,1.9640458185186673,1.0
955,CCDC129_code_potential_somatic,ENSG00000001167,955,-1.0,1.5366791805211233,0.4370086212924946,5.790887624293305e-27,-3.9707930055288227,1.3885624555901852,1.0
