,Mutation,Regulator,Regulon,MutationRegulatorEdge,-log10(p)_MutationRegulatorEdge,RegulatorRegulon_Spearman_R,RegulatorRegulon_Spearman_p-value,Regulon_stratification_t-statistic,-log10(p)_Regulon_stratification,Fraction_of_edges_correctly_aligned
2460,CCDC108_code_potential_somatic,ENSG00000071794,2460,-1.0,1.4763408519652843,0.32226064813224775,1.042382829558717e-14,-4.902353497808536,1.6931943526449207,1.0
3260,CCDC108_code_potential_somatic,ENSG00000184481,3260,-1.0,1.9186182600063706,0.2913912422905421,3.469589484739073e-12,-4.672005383220796,1.496276043674181,1.0
3265,CCDC108_code_potential_somatic,ENSG00000184481,3265,-1.0,1.9186182600063706,0.3577604138068726,5.449156345779989e-18,-3.564307043618265,1.3704843293095321,1.0
3344,CCDC108_code_potential_somatic,ENSG00000102974,3344,-1.0,2.0324124798117147,-0.17166326244070132,5.359249316019668e-05,7.499379751478484,6.892222489629561,1.0
2,CCDC108_code_potential_somatic,ENSG00000147862,2,-1.0,1.3560927415817259,0.24885281923651273,3.5191623201939226e-09,-8.560847474910526,2.767822001218096,1.0
3561,CCDC108_code_potential_somatic,ENSG00000025156,3561,-1.0,5.155608216170976,0.2877752593967684,6.554125117244241e-12,-4.705280177979695,2.7364811258104913,1.0
1874,CCDC108_code_potential_somatic,ENSG00000118513,1874,-1.0,4.351305689446012,0.33191440754171153,1.4693881017477678e-15,-5.258223368285915,1.8011109106158592,1.0
1880,CCDC108_code_potential_somatic,ENSG00000118513,1880,-1.0,4.351305689446012,0.229900468955196,5.2505052470127786e-08,-4.850131555795446,1.639926837357777,1.0
1885,CCDC108_code_potential_somatic,ENSG00000118513,1885,-1.0,4.351305689446012,-0.43684591039046755,6.0777015077199534e-27,4.719330116777749,2.08032683718637,1.0
