,Mutation,Regulator,Regulon,MutationRegulatorEdge,-log10(p)_MutationRegulatorEdge,RegulatorRegulon_Spearman_R,RegulatorRegulon_Spearman_p-value,Regulon_stratification_t-statistic,-log10(p)_Regulon_stratification,Fraction_of_edges_correctly_aligned
2813,CD44_code_potential_somatic,ENSG00000277615,2813,-1.0,2.1549905154454114,0.2772612799758376,3.958051602690526e-11,-3.6590386959667405,1.3098136766875288,1.0
2597,CD44_code_potential_somatic,ENSG00000087903,2597,-1.0,1.4790334885094272,0.5134481327144256,3.450302845570539e-38,-7.939486745982822,2.4605911643655567,1.0
1487,CD44_code_potential_somatic,ENSG00000129194,1487,-1.0,1.4790334885094272,-0.3026482668563146,4.5170402107734806e-13,5.179437324243516,1.7310839757776246,1.0
1482,CD44_code_potential_somatic,ENSG00000129194,1482,-1.0,1.4790334885094272,0.3566725344628204,6.970169558178879e-18,-2.488723253469323,1.8689010032526936,1.0
