,Mutation,Regulator,Regulon,MutationRegulatorEdge,-log10(p)_MutationRegulatorEdge,RegulatorRegulon_Spearman_R,RegulatorRegulon_Spearman_p-value,Regulon_stratification_t-statistic,-log10(p)_Regulon_stratification,Fraction_of_edges_correctly_aligned
1438,CDKN2C_code_potential_somatic,ENSG00000221869,1438,1.0,1.501002559753317,0.49272796519311113,7.33827605604778e-35,2.908112458274486,1.416867906100637,1.0
3062,CDKN2C_code_potential_somatic,ENSG00000124782,3062,1.0,1.3624013807659399,0.24550897024662027,5.764362489184945e-09,11.4011477270197,4.755730621375631,1.0
3059,CDKN2C_code_potential_somatic,ENSG00000124782,3059,1.0,1.3624013807659399,0.4756982309181596,2.723821737395236e-32,4.680514192100138,3.738387142524938,1.0
3709,CDKN2C_code_potential_somatic,ENSG00000077150,3709,1.0,5.395067319130784,0.2757325320404494,5.1086633499228984e-11,4.2887990193414,1.7289121772755418,1.0
104,CDKN2C_code_potential_somatic,ENSG00000057657,104,1.0,5.221090521503114,0.40473180481873894,5.1473728401887207e-23,3.490452326064669,1.3078245946895695,1.0
107,CDKN2C_code_potential_somatic,ENSG00000057657,107,1.0,5.221090521503114,0.4791201762132656,8.518674804720277e-33,7.226703200908444,2.581882426720315,1.0
113,CDKN2C_code_potential_somatic,ENSG00000057657,113,1.0,5.221090521503114,0.48237695985448864,2.783612097846488e-33,7.776238255040718,2.91903438829372,1.0
2912,CDKN2C_code_potential_somatic,ENSG00000109381,2912,-1.0,4.658209664400312,0.28459905130854335,1.1373979078807612e-11,-3.8959357126805805,2.492760921970735,0.5
2466,CDKN2C_code_potential_somatic,ENSG00000109906,2466,1.0,1.5448411188864866,0.29212816223497484,3.044372930439868e-12,4.271098692288853,3.541886526533519,1.0
