,Mutation,Regulator,Regulon,MutationRegulatorEdge,-log10(p)_MutationRegulatorEdge,RegulatorRegulon_Spearman_R,RegulatorRegulon_Spearman_p-value,Regulon_stratification_t-statistic,-log10(p)_Regulon_stratification,Fraction_of_edges_correctly_aligned
2240,CEACAM20_code_potential_somatic,ENSG00000067066,2240,-1.0,1.3523127412923115,0.20517817150663237,1.2740679414217736e-06,-4.089508419489735,4.1920613599176955,1.0
102,CEACAM20_code_potential_somatic,ENSG00000057657,102,-1.0,1.3152765978443384,0.30242411368896976,4.708304193405162e-13,-4.823198492988416,1.7534364235671946,0.5
3580,CEACAM20_code_potential_somatic,ENSG00000134138,3580,1.0,1.945298945928819,0.2290556610815777,5.8915476780693083e-08,4.362410759789788,1.8684581000833171,1.0
3577,CEACAM20_code_potential_somatic,ENSG00000134138,3577,1.0,1.945298945928819,0.6019454657365405,2.5430605829568647e-55,3.890165872049097,3.303261135467053,1.0
3578,CEACAM20_code_potential_somatic,ENSG00000134138,3578,1.0,1.945298945928819,0.19418518682991492,4.671227050506218e-06,5.305969643413722,1.7561958698879856,1.0
802,CEACAM20_code_potential_somatic,ENSG00000126561,802,-1.0,6.327218335558145,-0.1737755815531423,4.316510851674963e-05,5.795591587454917,2.4166633143911485,1.0
2588,CEACAM20_code_potential_somatic,ENSG00000185630,2588,1.0,1.7672781592988023,0.3432166358693049,1.3550368369007922e-16,5.4017791169807525,1.7088197127677336,1.0
343,CEACAM20_code_potential_somatic,ENSG00000134532,343,1.0,1.8192825571287485,-0.3510042448368025,2.4755618334021125e-17,-3.0620445970406562,1.4982062972035277,1.0
