,Mutation,Regulator,Regulon,MutationRegulatorEdge,-log10(p)_MutationRegulatorEdge,RegulatorRegulon_Spearman_R,RegulatorRegulon_Spearman_p-value,Regulon_stratification_t-statistic,-log10(p)_Regulon_stratification,Fraction_of_edges_correctly_aligned
2816,CNTNAP2_code_potential_somatic,ENSG00000277615,2816,-1.0,1.7085467900506017,0.4503918195906806,9.920017737330212e-29,-3.2047755928957207,2.1582712250050338,1.0
287,CNTNAP2_code_potential_somatic,ENSG00000072310,287,-1.0,1.3619263202468208,0.31372933774843614,5.558708972596834e-14,-2.376709550971687,1.45671548805359,1.0
714,CNTNAP2_code_potential_somatic,ENSG00000168310,714,-1.0,1.7444793583502851,0.5354803327471371,5.485993446753296e-42,-2.362003901696554,1.3667705740043092,1.0
1204,CNTNAP2_code_potential_somatic,ENSG00000100811,1204,1.0,1.3813547546042904,0.49941901744931055,6.5434422067206e-36,2.603338512223371,1.5633256283644565,1.0
