,Mutation,Regulator,Regulon,MutationRegulatorEdge,-log10(p)_MutationRegulatorEdge,RegulatorRegulon_Spearman_R,RegulatorRegulon_Spearman_p-value,Regulon_stratification_t-statistic,-log10(p)_Regulon_stratification,Fraction_of_edges_correctly_aligned
3526,COL11A2_code_potential_somatic,ENSG00000153234,3526,-1.0,1.8565014808770477,0.28253318163253655,1.6218199881278203e-11,-3.017606141238947,1.6313663447344187,1.0
3523,COL11A2_code_potential_somatic,ENSG00000153234,3523,-1.0,1.8565014808770477,0.12843859818371767,0.0025928454275054203,-2.7617221255649116,1.8136849490176286,1.0
916,COL11A2_code_potential_somatic,ENSG00000101057,916,1.0,1.315404092941907,0.8137042900539069,9.46897652452271e-131,3.2349095858481793,1.746551654294145,1.0
