,Mutation,Regulator,Regulon,MutationRegulatorEdge,-log10(p)_MutationRegulatorEdge,RegulatorRegulon_Spearman_R,RegulatorRegulon_Spearman_p-value,Regulon_stratification_t-statistic,-log10(p)_Regulon_stratification,Fraction_of_edges_correctly_aligned
1313,COL12A1_code_potential_somatic,ENSG00000125952,1313,1.0,2.5266432124704257,0.6383058949876683,4.830752998599309e-64,9.611310680861834,2.2529680874100015,1.0
1316,COL12A1_code_potential_somatic,ENSG00000125952,1316,1.0,2.5266432124704257,0.41974138966359315,8.47913416258375e-25,7.4272356067183605,3.036764561716847,1.0
510,COL12A1_code_potential_somatic,ENSG00000120690,510,1.0,2.1353158065654143,0.4742601213650126,4.4221588933779136e-32,8.080643731671056,2.514372500666282,1.0
2100,COL12A1_code_potential_somatic,ENSG00000105856,2100,1.0,4.507946482809063,0.3997436311952665,1.9251830143592888e-22,6.677508150092289,1.8031790223826862,1.0
2095,COL12A1_code_potential_somatic,ENSG00000105856,2095,1.0,4.507946482809063,0.305855830137109,2.4855471270809603e-13,4.967441693421947,1.5081965618026614,1.0
2096,COL12A1_code_potential_somatic,ENSG00000105856,2096,1.0,4.507946482809063,0.3961684829708856,4.888121905985231e-22,4.664624988297826,1.5015675141160363,1.0
57,COL12A1_code_potential_somatic,ENSG00000125347,57,1.0,1.3160072730831875,0.5910295564983017,6.458447969963658e-53,8.916617238342765,2.102977304803368,1.0
3121,COL12A1_code_potential_somatic,ENSG00000156273,3121,1.0,5.132031379422015,0.35039544366758923,2.832267553354165e-17,14.838272339475951,11.69123149365013,1.0
2882,COL12A1_code_potential_somatic,ENSG00000118260,2882,1.0,1.3359792029976882,0.41798950942759494,1.3840726698935e-24,8.514530214609813,2.5807423682136257,1.0
