,Mutation,Regulator,Regulon,MutationRegulatorEdge,-log10(p)_MutationRegulatorEdge,RegulatorRegulon_Spearman_R,RegulatorRegulon_Spearman_p-value,Regulon_stratification_t-statistic,-log10(p)_Regulon_stratification,Fraction_of_edges_correctly_aligned
1655,COL22A1_code_potential_somatic,ENSG00000138795,1655,-1.0,2.3205851968757556,0.3996212730251935,1.9879396579161653e-22,-3.0675767838733097,1.5265925970271907,1.0
1650,COL22A1_code_potential_somatic,ENSG00000138795,1650,-1.0,2.3205851968757556,0.3354609654467966,7.028702708760385e-16,-3.9411300925143,2.0781097843354894,1.0
981,COL22A1_code_potential_somatic,ENSG00000066136,981,-1.0,2.6102983096655414,0.1837544080478717,1.5001226498224728e-05,-2.774738575833454,1.6706851741619553,1.0
