,Mutation,Regulator,Regulon,MutationRegulatorEdge,-log10(p)_MutationRegulatorEdge,RegulatorRegulon_Spearman_R,RegulatorRegulon_Spearman_p-value,Regulon_stratification_t-statistic,-log10(p)_Regulon_stratification,Fraction_of_edges_correctly_aligned
3552,COL3A1_code_potential_somatic,ENSG00000167157,3552,-1.0,3.123495297253068,-0.3878530493662969,4.0877649762604634e-21,5.396742687000024,2.182377344251055,1.0
2834,COL3A1_code_potential_somatic,ENSG00000126456,2834,1.0,1.5451347177807373,0.32164790933420023,1.1776461246860046e-14,3.7599298161277117,1.5556649792636312,1.0
2843,COL3A1_code_potential_somatic,ENSG00000126456,2843,1.0,1.5451347177807373,0.31565491116745814,3.827581928131145e-14,2.628908526775238,1.3960475464299658,1.0
