,Mutation,Regulator,Regulon,MutationRegulatorEdge,-log10(p)_MutationRegulatorEdge,RegulatorRegulon_Spearman_R,RegulatorRegulon_Spearman_p-value,Regulon_stratification_t-statistic,-log10(p)_Regulon_stratification,Fraction_of_edges_correctly_aligned
3278,COL6A6_code_potential_somatic,ENSG00000137309,3278,-1.0,1.3209921525193364,0.2931512165413662,2.537451904370406e-12,-3.620312310209607,1.485859503382594,1.0
3280,COL6A6_code_potential_somatic,ENSG00000137309,3280,-1.0,1.3209921525193364,0.29991489617384254,7.471699996686843e-13,-6.676945581837667,2.564657945843199,1.0
1501,COL6A6_code_potential_somatic,ENSG00000185591,1501,1.0,2.7330774311164685,-0.36850518202892457,4.550181264577745e-19,-5.891284029973759,2.122706362556706,1.0
1500,COL6A6_code_potential_somatic,ENSG00000185591,1500,1.0,2.7330774311164685,-0.27128395940538014,1.0639090134224689e-10,-4.2900927693521735,1.6787788821880087,1.0
