,Mutation,Regulator,Regulon,MutationRegulatorEdge,-log10(p)_MutationRegulatorEdge,RegulatorRegulon_Spearman_R,RegulatorRegulon_Spearman_p-value,Regulon_stratification_t-statistic,-log10(p)_Regulon_stratification,Fraction_of_edges_correctly_aligned
1309,CREBBP_code_potential_somatic,ENSG00000125952,1309,-1.0,1.8270050835642255,0.45210191720960374,5.82270233160004e-29,-3.323867783709461,1.7023831448713869,1.0
1643,CREBBP_code_potential_somatic,ENSG00000138795,1643,-1.0,1.3147831126225882,0.33823145192698445,3.924605756681095e-16,-3.782002240524826,1.9173200154492909,1.0
1657,CREBBP_code_potential_somatic,ENSG00000138795,1657,-1.0,1.3147831126225882,0.2871130085620823,7.35664175870566e-12,-3.3896767073454064,1.7805425844066205,1.0
777,CREBBP_code_potential_somatic,ENSG00000115415,777,-1.0,1.3313383639278742,0.2831979117150073,1.4473055343346336e-11,-3.7259727860985734,1.9515279669067884,1.0
3399,CREBBP_code_potential_somatic,ENSG00000120149,3399,-1.0,1.7392837774461427,0.12252588389376366,0.004071887528659675,-2.452724549440652,1.4397262007918725,1.0
3398,CREBBP_code_potential_somatic,ENSG00000120149,3398,-1.0,1.7392837774461427,0.19005162450158916,7.473825507774001e-06,-2.7508193884102985,1.4075576181476896,1.0
