,Mutation,Regulator,Regulon,MutationRegulatorEdge,-log10(p)_MutationRegulatorEdge,RegulatorRegulon_Spearman_R,RegulatorRegulon_Spearman_p-value,Regulon_stratification_t-statistic,-log10(p)_Regulon_stratification,Fraction_of_edges_correctly_aligned
366,CRNN_code_potential_somatic,ENSG00000163497,366,-1.0,4.529876517841897,0.2894018731355593,4.928790824080555e-12,-8.049360978297063,9.934490396512205,1.0
2706,CRNN_code_potential_somatic,ENSG00000065970,2706,1.0,1.3023763924160459,-0.3391613156842976,3.2231586294591895e-16,-4.119497547091741,1.6669569048031778,1.0
2697,CRNN_code_potential_somatic,ENSG00000065970,2697,1.0,1.3023763924160459,0.5235408587691396,6.796685341725451e-40,4.617688444502119,1.5287933449391826,1.0
2698,CRNN_code_potential_somatic,ENSG00000065970,2698,1.0,1.3023763924160459,0.3208602377292366,1.3770589688763898e-14,8.680694282090212,4.566220847830688,1.0
3027,CRNN_code_potential_somatic,ENSG00000166949,3027,1.0,4.197869328411377,0.1667823527434372,8.750090192125411e-05,3.8167858580080924,1.440659325608661,1.0
3026,CRNN_code_potential_somatic,ENSG00000166949,3026,1.0,4.197869328411377,0.3849844503766524,8.387289374062211e-21,3.873034767525075,1.3062026460145173,1.0
3399,CRNN_code_potential_somatic,ENSG00000120149,3399,-1.0,1.7653808253604446,0.12252588389376366,0.004071887528659675,-7.623135533638559,7.11232357567642,1.0
3398,CRNN_code_potential_somatic,ENSG00000120149,3398,-1.0,1.7653808253604446,0.19005162450158916,7.473825507774001e-06,-3.9321841512702997,1.5031002982281385,1.0
3394,CRNN_code_potential_somatic,ENSG00000120149,3394,-1.0,1.7653808253604446,0.3907673687531798,1.9552981475623017e-21,-3.9855974476579354,1.602441461053754,1.0
