,Mutation,Regulator,Regulon,MutationRegulatorEdge,-log10(p)_MutationRegulatorEdge,RegulatorRegulon_Spearman_R,RegulatorRegulon_Spearman_p-value,Regulon_stratification_t-statistic,-log10(p)_Regulon_stratification,Fraction_of_edges_correctly_aligned
3051,CRTAC1_code_potential_somatic,ENSG00000124782,3051,1.0,1.6340417945776553,-0.25746368430658756,9.551982674034018e-10,-3.4922737581696084,1.3420852823439169,1.0
2608,CRTAC1_code_potential_somatic,ENSG00000196482,2608,-1.0,2.5982012787998894,0.25842884088530443,8.22821973489768e-10,-6.660273467222281,2.5941933098727565,1.0
2605,CRTAC1_code_potential_somatic,ENSG00000147601,2605,-1.0,1.3715915946943542,0.34344283077011933,1.2906175885613344e-16,-4.816274167047488,2.383528171690253,1.0
2965,CRTAC1_code_potential_somatic,ENSG00000143799,2965,-1.0,1.34597892738912,0.1519239290943884,0.0003582575815629536,-4.4092196929437515,1.4060034028133936,1.0
3299,CRTAC1_code_potential_somatic,ENSG00000105722,3299,-1.0,2.361317005757349,0.394976621057987,6.65207405108731e-22,-2.8413989382474587,1.3033468635111354,1.0
3298,CRTAC1_code_potential_somatic,ENSG00000105722,3298,-1.0,2.361317005757349,0.4224268525285812,3.9783370195170975e-25,-3.9089624148696105,2.5933112740566013,1.0
3376,CRTAC1_code_potential_somatic,ENSG00000137273,3376,-1.0,1.4229176328735065,0.4518914728241265,6.218274453371455e-29,-6.633864378592872,1.9828768568127053,1.0
1206,CRTAC1_code_potential_somatic,ENSG00000172059,1206,-1.0,3.2774852455549413,0.27754427881853927,3.7747665833542725e-11,-4.123085516964133,1.3053006426954679,1.0
