,Mutation,Regulator,Regulon,MutationRegulatorEdge,-log10(p)_MutationRegulatorEdge,RegulatorRegulon_Spearman_R,RegulatorRegulon_Spearman_p-value,Regulon_stratification_t-statistic,-log10(p)_Regulon_stratification,Fraction_of_edges_correctly_aligned
468,CYP2B6_code_potential_somatic,ENSG00000172216,468,-1.0,1.3427892554704275,0.3260471157707358,4.874133484092165e-15,-3.198822829721908,1.4778716803444396,1.0
113,CYP2B6_code_potential_somatic,ENSG00000057657,113,-1.0,4.3709393356437465,0.48237695985448864,2.783612097846488e-33,-3.06657111261099,1.3427892554704275,1.0
109,CYP2B6_code_potential_somatic,ENSG00000057657,109,-1.0,4.3709393356437465,0.38778133355384053,4.162238320481003e-21,-2.9615831072907572,1.3717259327289457,1.0
1548,CYP2B6_code_potential_somatic,ENSG00000123364,1548,1.0,1.3993596313843306,0.45285051907844587,4.607026336387008e-29,4.768859034907937,1.880031009224008,1.0
3552,CYP2B6_code_potential_somatic,ENSG00000167157,3552,-1.0,1.3337817424298906,-0.3878530493662969,4.0877649762604634e-21,7.863072203862858,6.788848020722419,1.0
