,Mutation,Regulator,Regulon,MutationRegulatorEdge,-log10(p)_MutationRegulatorEdge,RegulatorRegulon_Spearman_R,RegulatorRegulon_Spearman_p-value,Regulon_stratification_t-statistic,-log10(p)_Regulon_stratification,Fraction_of_edges_correctly_aligned
2408,CYP4F3_code_potential_somatic,ENSG00000198815,2408,-1.0,3.476254510331884,0.6558470105777108,1.0989746058201963e-68,-3.9469307671175775,2.782949393857229,1.0
1079,CYP4F3_code_potential_somatic,ENSG00000163848,1079,-1.0,1.8871041089129665,0.3841071612561824,1.043439722072115e-20,-13.640185953963812,15.325310644150488,1.0
1361,CYP4F3_code_potential_somatic,ENSG00000173153,1361,-1.0,1.3081340947364797,0.1917439298717055,6.17314799274213e-06,-5.069205322825417,1.79441451409794,1.0
