,Mutation,Regulator,Regulon,MutationRegulatorEdge,-log10(p)_MutationRegulatorEdge,RegulatorRegulon_Spearman_R,RegulatorRegulon_Spearman_p-value,Regulon_stratification_t-statistic,-log10(p)_Regulon_stratification,Fraction_of_edges_correctly_aligned
3718,DAB1_code_potential_somatic,ENSG00000137265,3718,-1.0,1.7971327713114547,-0.26478344463332915,3.034572481510701e-10,3.9017206291413142,3.895723670617896,1.0
1912,DAB1_code_potential_somatic,ENSG00000167034,1912,-1.0,2.556948389901876,-0.2506172415495386,2.704541167603989e-09,5.1035125724417725,1.6066818221011911,1.0
692,DAB1_code_potential_somatic,ENSG00000188786,692,1.0,1.983236287653823,0.5669748007067607,6.27984484898827e-48,5.14171072802837,1.8341681612810001,1.0
689,DAB1_code_potential_somatic,ENSG00000188786,689,1.0,1.983236287653823,0.3344762665620133,8.634001837825159e-16,4.252018200524196,1.386333149357315,1.0
