,Mutation,Regulator,Regulon,MutationRegulatorEdge,-log10(p)_MutationRegulatorEdge,RegulatorRegulon_Spearman_R,RegulatorRegulon_Spearman_p-value,Regulon_stratification_t-statistic,-log10(p)_Regulon_stratification,Fraction_of_edges_correctly_aligned
1548,DDX12_code_potential_somatic,ENSG00000123364,1548,-1.0,1.3315332250794532,0.45285051907844587,4.607026336387008e-29,-3.88127727459272,1.9005254955669235,1.0
858,DDX12_code_potential_somatic,ENSG00000113580,858,1.0,1.3586455060758729,0.3615920183388501,2.272353627035004e-18,2.9328785071824877,1.3254371408429568,1.0
841,DDX12_code_potential_somatic,ENSG00000113580,841,1.0,1.3586455060758729,0.5383941051654617,1.643079127810912e-42,3.0356137516872455,1.4040479535279506,1.0
849,DDX12_code_potential_somatic,ENSG00000113580,849,1.0,1.3586455060758729,0.36114101399921844,2.520312311746452e-18,3.5832948945113023,1.620981730745937,1.0
