,Mutation,Regulator,Regulon,MutationRegulatorEdge,-log10(p)_MutationRegulatorEdge,RegulatorRegulon_Spearman_R,RegulatorRegulon_Spearman_p-value,Regulon_stratification_t-statistic,-log10(p)_Regulon_stratification,Fraction_of_edges_correctly_aligned
2418,DENND4C_code_potential_somatic,ENSG00000198815,2418,1.0,2.0008484381669205,0.5605588720355945,1.1486430183478801e-46,4.42869895763052,1.5263188273762975,0.3333333333333333
3577,DENND4C_code_potential_somatic,ENSG00000134138,3577,-1.0,2.5176593571196477,0.6019454657365405,2.5430605829568647e-55,-4.994740796170568,1.8253159228935967,1.0
2154,DENND4C_code_potential_somatic,ENSG00000125798,2154,-1.0,2.428686616102746,0.19449358187493984,4.508449658344598e-06,-4.397964840110421,2.274664724693112,0.5
983,DENND4C_code_potential_somatic,ENSG00000282899,983,1.0,1.7560891812351334,-0.36134176015071495,2.4068159270105092e-18,-3.9061621352376292,1.3073564199729732,1.0
3588,DENND4C_code_potential_somatic,ENSG00000123268,3588,-1.0,4.216388949957724,0.3535658182316153,1.400559135623838e-17,-3.404475001341709,1.5703677770866462,1.0
