,Mutation,Regulator,Regulon,MutationRegulatorEdge,-log10(p)_MutationRegulatorEdge,RegulatorRegulon_Spearman_R,RegulatorRegulon_Spearman_p-value,Regulon_stratification_t-statistic,-log10(p)_Regulon_stratification,Fraction_of_edges_correctly_aligned
3704,DIAPH2_code_potential_somatic,ENSG00000162772,3704,-1.0,6.618467087056813,0.45884780459327323,6.91007472223235e-30,-4.3382726911928655,1.7383024244358574,1.0
31,DIAPH2_code_potential_somatic,ENSG00000261678,31,1.0,1.4717977989772049,-0.23690966716517176,1.984404634231846e-08,-4.125327795907169,1.3385279045244782,1.0
158,DIAPH2_code_potential_somatic,ENSG00000178573,158,-1.0,1.3386329584182037,0.4564464343567742,1.4837418012313657e-29,-6.4634606508851,2.235689558348057,1.0
168,DIAPH2_code_potential_somatic,ENSG00000178573,168,-1.0,1.3386329584182037,0.40599315858865764,3.674343874134727e-23,-3.658545735134976,1.3149967602356565,1.0
154,DIAPH2_code_potential_somatic,ENSG00000178573,154,-1.0,1.3386329584182037,0.6056710459662019,3.657733594393192e-56,-3.9717745790955625,1.3014885173882822,1.0
69,DIAPH2_code_potential_somatic,ENSG00000166888,69,-1.0,1.8921514900611804,0.39603540570009693,5.059529347962473e-22,-7.385853695388043,5.730547804394892,1.0
61,DIAPH2_code_potential_somatic,ENSG00000166888,61,-1.0,1.8921514900611804,0.4969623016519739,1.599369703284443e-35,-4.006411715803889,1.4026125876055326,1.0
