,Mutation,Regulator,Regulon,MutationRegulatorEdge,-log10(p)_MutationRegulatorEdge,RegulatorRegulon_Spearman_R,RegulatorRegulon_Spearman_p-value,Regulon_stratification_t-statistic,-log10(p)_Regulon_stratification,Fraction_of_edges_correctly_aligned
3528,DLC1_code_potential_somatic,ENSG00000153234,3528,-1.0,4.221887699736871,0.3025337110248576,4.613817194245037e-13,-4.768739774183456,1.805512235734118,1.0
3275,DLC1_code_potential_somatic,ENSG00000137309,3275,1.0,1.800103921941188,-0.25240930018345703,2.0656721801998677e-09,-5.153868736515109,3.3778173232700994,0.5
63,DLC1_code_potential_somatic,ENSG00000166888,63,-1.0,1.811920610033619,-0.4154600204158764,2.793990905848387e-24,2.352763554464629,1.5848447055516206,1.0
1416,DLC1_code_potential_somatic,ENSG00000141448,1416,-1.0,1.7790119610144528,0.4673902354113108,4.338315352878638e-31,-3.616812815035924,1.4758620460032728,1.0
1423,DLC1_code_potential_somatic,ENSG00000141448,1423,-1.0,1.7790119610144528,-0.34686145935207535,6.151541869990881e-17,3.738649564507545,2.909012053540975,1.0
3757,DLC1_code_potential_somatic,ENSG00000135373,3757,-1.0,1.3843405080833835,0.10732862334436817,0.011936122939196747,-9.367014941814572,14.042559409671634,1.0
