,Mutation,Regulator,Regulon,MutationRegulatorEdge,-log10(p)_MutationRegulatorEdge,RegulatorRegulon_Spearman_R,RegulatorRegulon_Spearman_p-value,Regulon_stratification_t-statistic,-log10(p)_Regulon_stratification,Fraction_of_edges_correctly_aligned
3392,DOCK2_code_potential_somatic,ENSG00000120149,3392,-1.0,1.5486516686152112,-0.3996362943500058,1.9801279135314082e-22,3.300141778023908,1.7358441963147644,1.0
3399,DOCK2_code_potential_somatic,ENSG00000120149,3399,-1.0,1.5486516686152112,0.12252588389376366,0.004071887528659675,-3.5688423510007916,2.017522865800332,1.0
3398,DOCK2_code_potential_somatic,ENSG00000120149,3398,-1.0,1.5486516686152112,0.19005162450158916,7.473825507774001e-06,-4.013563888273779,2.1381037424843203,1.0
3393,DOCK2_code_potential_somatic,ENSG00000120149,3393,-1.0,1.5486516686152112,0.1356500737175161,0.0014577784066699124,-4.676343505687732,2.70552157945433,1.0
3394,DOCK2_code_potential_somatic,ENSG00000120149,3394,-1.0,1.5486516686152112,0.3907673687531798,1.9552981475623017e-21,-2.951301911839025,1.6143253318797577,1.0
3424,DOCK2_code_potential_somatic,ENSG00000105610,3424,-1.0,1.3976939544652158,-0.20123048029173637,2.0484163659216478e-06,3.094106869675589,1.7042208515096016,1.0
