,Mutation,Regulator,Regulon,MutationRegulatorEdge,-log10(p)_MutationRegulatorEdge,RegulatorRegulon_Spearman_R,RegulatorRegulon_Spearman_p-value,Regulon_stratification_t-statistic,-log10(p)_Regulon_stratification,Fraction_of_edges_correctly_aligned
2457,DST_code_potential_somatic,ENSG00000071794,2457,-1.0,3.5252536138478536,0.39612341899644865,4.945513996166504e-22,-2.7733075581636477,1.3401200688536457,1.0
3564,DST_code_potential_somatic,ENSG00000025156,3564,-1.0,2.166262583753704,0.32746240166045437,3.658557377395147e-15,-2.6067622680320706,1.304208803153152,1.0
2220,DST_code_potential_somatic,ENSG00000187140,2220,1.0,2.9849536430044075,-0.30682851893321017,2.0707013152406406e-13,-3.074061937109492,1.4476075413026155,1.0
2225,DST_code_potential_somatic,ENSG00000187140,2225,1.0,2.9849536430044075,-0.27753099919708624,3.783178836781041e-11,-4.409418603289911,2.039393896880017,1.0
2224,DST_code_potential_somatic,ENSG00000187140,2224,1.0,2.9849536430044075,-0.3469097566741586,6.087081421668402e-17,-4.0825178949796,2.0063498074810435,1.0
2230,DST_code_potential_somatic,ENSG00000187140,2230,1.0,2.9849536430044075,-0.37423926209363173,1.1634541780288268e-19,-3.2464619016694964,1.5257777702691595,1.0
2223,DST_code_potential_somatic,ENSG00000187140,2223,1.0,2.9849536430044075,-0.1784275617383479,2.6561818783940746e-05,-3.495020628109423,2.084928605492242,1.0
2882,DST_code_potential_somatic,ENSG00000118260,2882,-1.0,1.5429018036230475,0.41798950942759494,1.3840726698935e-24,-3.4007264720316845,1.6252315555006505,1.0
