,Mutation,Regulator,Regulon,MutationRegulatorEdge,-log10(p)_MutationRegulatorEdge,RegulatorRegulon_Spearman_R,RegulatorRegulon_Spearman_p-value,Regulon_stratification_t-statistic,-log10(p)_Regulon_stratification,Fraction_of_edges_correctly_aligned
3751,ELMO1_code_potential_somatic,ENSG00000163666,3751,-1.0,4.308164175944928,0.24013607570222692,1.2548504380198814e-08,-3.895965756118416,1.626174430194064,1.0
1574,ELMO1_code_potential_somatic,ENSG00000105866,1574,-1.0,1.4547798594491088,-0.21339921132211218,4.598802402890166e-07,2.099795818046723,1.3583980465201109,1.0
2451,ELMO1_code_potential_somatic,ENSG00000160199,2451,-1.0,1.4433463708537517,0.3312488692989424,1.6856757292169836e-15,-4.280832583037382,2.414418189132857,1.0
