,Mutation,Regulator,Regulon,MutationRegulatorEdge,-log10(p)_MutationRegulatorEdge,RegulatorRegulon_Spearman_R,RegulatorRegulon_Spearman_p-value,Regulon_stratification_t-statistic,-log10(p)_Regulon_stratification,Fraction_of_edges_correctly_aligned
1036,EML2_code_potential_somatic,ENSG00000137203,1036,-1.0,2.52605773386631,-0.2227410898933683,1.3742325448913637e-07,7.400026704425265,4.221140253546413,1.0
2812,EML2_code_potential_somatic,ENSG00000277615,2812,-1.0,1.509028857703189,0.3966994065920428,4.259492822468993e-22,-7.601174019246995,2.746359341578473,1.0
1548,EML2_code_potential_somatic,ENSG00000123364,1548,-1.0,1.6957315700905053,0.45285051907844587,4.607026336387008e-29,-5.181897004437831,1.5899893183083198,1.0
1475,EML2_code_potential_somatic,ENSG00000087510,1475,-1.0,1.3133322844755468,0.3591236935088842,3.997301619713854e-18,-3.532488871728766,1.4053026582550774,1.0
1367,EML2_code_potential_somatic,ENSG00000173153,1367,-1.0,1.676081780644676,0.39739680441002767,3.5535597084755192e-22,-4.152027059719028,1.7147766817220442,1.0
