,Mutation,Regulator,Regulon,MutationRegulatorEdge,-log10(p)_MutationRegulatorEdge,RegulatorRegulon_Spearman_R,RegulatorRegulon_Spearman_p-value,Regulon_stratification_t-statistic,-log10(p)_Regulon_stratification,Fraction_of_edges_correctly_aligned
3067,ENPP2_code_potential_somatic,ENSG00000124782,3067,1.0,1.5834374547432426,-0.2863488168920194,8.40238941759905e-12,-3.2977456486554373,2.0024689016424,1.0
3065,ENPP2_code_potential_somatic,ENSG00000124782,3065,1.0,1.5834374547432426,-0.22561534018524504,9.374865511259291e-08,-4.997600056584291,2.217259689141759,1.0
3752,ENPP2_code_potential_somatic,ENSG00000163666,3752,-1.0,3.717893773412689,0.1961916274781449,3.7048899709859986e-06,-2.798372929161333,1.8544644013053417,1.0
1506,ENPP2_code_potential_somatic,ENSG00000165495,1506,-1.0,1.6587838271586572,0.2947349454423296,1.911264015084126e-12,-4.1181109056919984,3.330789840356844,1.0
3264,ENPP2_code_potential_somatic,ENSG00000184481,3264,-1.0,1.708832653139676,0.25129859717597636,2.44176272655712e-09,-4.241919553605569,1.8199084987535759,1.0
3566,ENPP2_code_potential_somatic,ENSG00000025156,3566,-1.0,4.169367891058381,0.04881405546821069,0.2539620674111088,-4.0760359460511175,2.5114945707942695,1.0
3561,ENPP2_code_potential_somatic,ENSG00000025156,3561,-1.0,4.169367891058381,0.2877752593967684,6.554125117244241e-12,-3.4862522540840444,1.5801911828830597,1.0
943,ENPP2_code_potential_somatic,ENSG00000112242,943,-1.0,1.6794374072501972,0.4906530535545961,1.5362166371506275e-34,-3.972808431637431,1.717364351831291,1.0
675,ENPP2_code_potential_somatic,ENSG00000130675,675,-1.0,1.6587838271586572,-0.3725569547288163,1.74078562602902e-19,5.456598353737691,2.5228114110108364,1.0
