,Mutation,Regulator,Regulon,MutationRegulatorEdge,-log10(p)_MutationRegulatorEdge,RegulatorRegulon_Spearman_R,RegulatorRegulon_Spearman_p-value,Regulon_stratification_t-statistic,-log10(p)_Regulon_stratification,Fraction_of_edges_correctly_aligned
3443,EPHA7_code_potential_somatic,ENSG00000140044,3443,1.0,5.155247870894098,-0.19450617649896235,4.501918493804057e-06,-3.8257074855578734,1.3153515424714677,1.0
1548,EPHA7_code_potential_somatic,ENSG00000123364,1548,-1.0,3.167069294308274,0.45285051907844587,4.607026336387008e-29,-7.474239631078496,2.244603348223656,1.0
501,EPHA7_code_potential_somatic,ENSG00000068305,501,1.0,1.350387436927558,-0.4576396817316701,1.0157288404906929e-29,-5.6325117774631765,5.250666987604012,0.25
3451,EPHA7_code_potential_somatic,ENSG00000278129,3451,-1.0,1.5231226500784973,0.4563247324581735,1.54208316777997e-29,-4.234839874360157,1.386740559035614,1.0
3458,EPHA7_code_potential_somatic,ENSG00000278129,3458,-1.0,1.5231226500784973,0.08182181252409519,0.05558994484694286,-11.758071063582706,6.917409710222047,1.0
