,Mutation,Regulator,Regulon,MutationRegulatorEdge,-log10(p)_MutationRegulatorEdge,RegulatorRegulon_Spearman_R,RegulatorRegulon_Spearman_p-value,Regulon_stratification_t-statistic,-log10(p)_Regulon_stratification,Fraction_of_edges_correctly_aligned
2041,EZR_code_potential_somatic,ENSG00000054598,2041,-1.0,2.294546877199296,0.27457851511579145,6.187456974436458e-11,-5.6450089898494555,2.061936600293644,1.0
2449,EZR_code_potential_somatic,ENSG00000160199,2449,-1.0,1.311962014437701,0.21198261288944886,5.497555056369843e-07,-3.4633310664820764,1.4465227971875232,1.0
3457,EZR_code_potential_somatic,ENSG00000278129,3457,-1.0,1.601430276217826,0.26053962869764313,5.925031098598002e-10,-3.312294016415655,1.36560308391995,1.0
2467,EZR_code_potential_somatic,ENSG00000109906,2467,1.0,6.54890526375681,-0.07582968938598293,0.07612462211770593,-2.8141074821310137,1.346203472869406,0.5
1875,EZR_code_potential_somatic,ENSG00000118513,1875,-1.0,2.159577677331795,0.37999052307517084,2.8821468727292314e-20,-3.22030600334335,1.5982112339558765,0.6666666666666666
1879,EZR_code_potential_somatic,ENSG00000118513,1879,-1.0,2.159577677331795,0.29512098428618094,1.7832183105853961e-12,-10.818966651408251,7.458898221136368,0.6666666666666666
