,Mutation,Regulator,Regulon,MutationRegulatorEdge,-log10(p)_MutationRegulatorEdge,RegulatorRegulon_Spearman_R,RegulatorRegulon_Spearman_p-value,Regulon_stratification_t-statistic,-log10(p)_Regulon_stratification,Fraction_of_edges_correctly_aligned
1037,F9_code_potential_somatic,ENSG00000137203,1037,1.0,1.677919627131723,0.188860127183953,8.542161780917127e-06,9.534177343084629,3.2490827210767756,1.0
1102,F9_code_potential_somatic,ENSG00000176887,1102,1.0,1.4223410128405325,0.2157512882791301,3.409986062831539e-07,4.249085517552181,1.4105850626378265,1.0
113,F9_code_potential_somatic,ENSG00000057657,113,-1.0,1.8095583558348298,0.48237695985448864,2.783612097846488e-33,-3.560068918763509,1.4426140260875275,1.0
1518,F9_code_potential_somatic,ENSG00000177426,1518,1.0,1.5202635866811942,0.2427731932354162,8.585660046249523e-09,8.156062807256015,2.1831561898923866,1.0
