,Mutation,Regulator,Regulon,MutationRegulatorEdge,-log10(p)_MutationRegulatorEdge,RegulatorRegulon_Spearman_R,RegulatorRegulon_Spearman_p-value,Regulon_stratification_t-statistic,-log10(p)_Regulon_stratification,Fraction_of_edges_correctly_aligned
88,FAM123C_code_potential_somatic,ENSG00000213928,88,-1.0,2.15181684850363,0.18557403008363016,1.2294946352902099e-05,-2.6316877039444493,1.3645220406991543,1.0
86,FAM123C_code_potential_somatic,ENSG00000213928,86,-1.0,2.15181684850363,0.26897454009406707,1.548897525308145e-10,-2.9463260155874518,1.5271089714621997,1.0
76,FAM123C_code_potential_somatic,ENSG00000213928,76,-1.0,2.15181684850363,0.19374657872920614,4.9124323702480266e-06,-2.534731807521683,1.3093319808340915,1.0
3363,FAM123C_code_potential_somatic,ENSG00000105516,3363,-1.0,3.0328031353469447,0.40384926552648986,6.51105186434234e-23,-4.634269603532807,2.591727822213068,1.0
2824,FAM123C_code_potential_somatic,ENSG00000126456,2824,-1.0,1.5050095526648102,0.3976187700057979,3.3541140019250776e-22,-2.8326194819046933,1.5435058723652983,1.0
2830,FAM123C_code_potential_somatic,ENSG00000126456,2830,-1.0,1.5050095526648102,0.5963904193990348,4.371680359735945e-54,-2.497968493634711,1.351959073783068,1.0
2845,FAM123C_code_potential_somatic,ENSG00000126456,2845,-1.0,1.5050095526648102,0.3138394455176914,5.441759331843158e-14,-3.9599609034098173,2.281990483938713,1.0
2833,FAM123C_code_potential_somatic,ENSG00000126456,2833,-1.0,1.5050095526648102,0.4254748689225342,1.6714105648375645e-25,-3.2770604695610697,1.856039792341406,1.0
