,Mutation,Regulator,Regulon,MutationRegulatorEdge,-log10(p)_MutationRegulatorEdge,RegulatorRegulon_Spearman_R,RegulatorRegulon_Spearman_p-value,Regulon_stratification_t-statistic,-log10(p)_Regulon_stratification,Fraction_of_edges_correctly_aligned
2329,FAM110B_code_potential_somatic,ENSG00000198914,2329,1.0,3.6778998899988564,-0.38613649848689324,6.289780529493016e-21,-4.275543328709013,4.518117607953601,1.0
2336,FAM110B_code_potential_somatic,ENSG00000198914,2336,1.0,3.6778998899988564,-0.33604971387657595,6.213086664934287e-16,-7.457022376782431,2.686115352140807,1.0
1235,FAM110B_code_potential_somatic,ENSG00000110777,1235,-1.0,5.70849012718905,0.36754829584680226,5.697930515715456e-19,-4.5172976772242555,1.7321686939142955,1.0
