,Mutation,Regulator,Regulon,MutationRegulatorEdge,-log10(p)_MutationRegulatorEdge,RegulatorRegulon_Spearman_R,RegulatorRegulon_Spearman_p-value,Regulon_stratification_t-statistic,-log10(p)_Regulon_stratification,Fraction_of_edges_correctly_aligned
1470,FAM71B_code_potential_somatic,ENSG00000087510,1470,-1.0,1.8334571681822485,0.22247778739014765,1.4228685801076825e-07,-2.4988761227891048,1.3924097481582276,1.0
1418,FAM71B_code_potential_somatic,ENSG00000141448,1418,-1.0,1.7633878320107386,0.13210189422491228,0.0019420373258037258,-3.0405640215441414,1.5386893235811314,1.0
