,Mutation,Regulator,Regulon,MutationRegulatorEdge,-log10(p)_MutationRegulatorEdge,RegulatorRegulon_Spearman_R,RegulatorRegulon_Spearman_p-value,Regulon_stratification_t-statistic,-log10(p)_Regulon_stratification,Fraction_of_edges_correctly_aligned
1095,FAM86D_code_potential_somatic,ENSG00000176887,1095,1.0,1.3764178654533104,-0.19735774896551567,3.2344417563205297e-06,-3.5143033889059523,1.862086696280615,1.0
1548,FAM86D_code_potential_somatic,ENSG00000123364,1548,1.0,2.3263414362895074,0.45285051907844587,4.607026336387008e-29,10.14394309370778,19.347652723933052,1.0
66,FAM86D_code_potential_somatic,ENSG00000166888,66,-1.0,1.9852804320592718,0.4593280494729521,5.9264545248030955e-30,-2.406181720626596,1.7646599138908934,1.0
72,FAM86D_code_potential_somatic,ENSG00000166888,72,-1.0,1.9852804320592718,0.554509069926965,1.6805051009123327e-45,-2.5842052843218433,1.592430334546021,1.0
1253,FAM86D_code_potential_somatic,ENSG00000089220,1253,-1.0,2.332230464210869,0.2657955610818475,2.582430391060707e-10,-9.191694682137909,6.100717866638805,1.0
3455,FAM86D_code_potential_somatic,ENSG00000278129,3455,1.0,2.4785829785676907,0.37226051323200066,1.8684242903814994e-19,3.4313357478837534,1.409893265056148,1.0
