,Mutation,Regulator,Regulon,MutationRegulatorEdge,-log10(p)_MutationRegulatorEdge,RegulatorRegulon_Spearman_R,RegulatorRegulon_Spearman_p-value,Regulon_stratification_t-statistic,-log10(p)_Regulon_stratification,Fraction_of_edges_correctly_aligned
3676,FAM83B_code_potential_somatic,ENSG00000170370,3676,1.0,1.9676766287975722,-0.24996045964378896,2.9837283379059956e-09,-2.791872022672896,1.4673542581130246,1.0
1494,FAM83B_code_potential_somatic,ENSG00000129194,1494,1.0,1.7197425998161993,-0.21446623581715313,4.016987531438759e-07,-5.519356854557444,4.257904721555777,1.0
2580,FAM83B_code_potential_somatic,ENSG00000196767,2580,1.0,1.5995669297294617,-0.21093462026710688,6.268756019000164e-07,-4.55270904708742,1.5293645814677186,1.0
2573,FAM83B_code_potential_somatic,ENSG00000196767,2573,1.0,1.5995669297294617,0.26674875893595645,2.217013653054731e-10,4.74252118159999,4.232585937712794,1.0
2830,FAM83B_code_potential_somatic,ENSG00000126456,2830,1.0,2.664211534698163,0.5963904193990348,4.371680359735945e-54,5.088783103836095,1.5535994625055536,1.0
3023,FAM83B_code_potential_somatic,ENSG00000166949,3023,1.0,2.7056597430687406,0.32483294062777623,6.226768691874061e-15,3.1999561480679968,2.0200522668354965,1.0
3026,FAM83B_code_potential_somatic,ENSG00000166949,3026,1.0,2.7056597430687406,0.3849844503766524,8.387289374062211e-21,3.0672948776629667,1.3015446380441098,1.0
