,Mutation,Regulator,Regulon,MutationRegulatorEdge,-log10(p)_MutationRegulatorEdge,RegulatorRegulon_Spearman_R,RegulatorRegulon_Spearman_p-value,Regulon_stratification_t-statistic,-log10(p)_Regulon_stratification,Fraction_of_edges_correctly_aligned
1035,FAT1_code_potential_somatic,ENSG00000137203,1035,-1.0,1.7597876404780806,0.38751189765490146,4.4541864144617496e-21,-3.865680412431779,1.5262883170931705,1.0
869,FAT1_code_potential_somatic,ENSG00000244405,869,1.0,2.8307011051606716,0.4159063579361487,2.469353172710779e-24,5.269190651892039,2.039112686998925,1.0
1235,FAT1_code_potential_somatic,ENSG00000110777,1235,-1.0,4.711760926592501,0.36754829584680226,5.697930515715456e-19,-7.192683937876155,4.393271851763021,1.0
671,FAT1_code_potential_somatic,ENSG00000130675,671,-1.0,2.153070942446566,-0.368869833236399,4.1755659120516077e-19,4.706404302652675,1.7265854560561853,1.0
670,FAT1_code_potential_somatic,ENSG00000130675,670,-1.0,2.153070942446566,-0.2754745221650689,5.332658806982536e-11,4.891625326731867,1.790259894973634,1.0
