,Mutation,Regulator,Regulon,MutationRegulatorEdge,-log10(p)_MutationRegulatorEdge,RegulatorRegulon_Spearman_R,RegulatorRegulon_Spearman_p-value,Regulon_stratification_t-statistic,-log10(p)_Regulon_stratification,Fraction_of_edges_correctly_aligned
2295,FAT3_code_potential_somatic,ENSG00000118689,2295,1.0,2.2395783323152525,0.5623378781591177,5.16358797112004e-47,3.498383257563364,1.4612920171306718,1.0
2289,FAT3_code_potential_somatic,ENSG00000118689,2289,1.0,2.2395783323152525,0.6409212826432166,1.0255208479425349e-64,4.579787739628338,1.9456255212432738,1.0
2912,FAT3_code_potential_somatic,ENSG00000109381,2912,1.0,2.037321754845487,0.28459905130854335,1.1373979078807612e-11,3.1605018788408588,1.3224909071654036,1.0
1798,FAT3_code_potential_somatic,ENSG00000147421,1798,1.0,1.471396659865072,0.5141627394287974,2.6240212468825756e-38,4.24983267044457,1.742857560845395,1.0
1173,FAT3_code_potential_somatic,ENSG00000162702,1173,1.0,1.4108515820800545,0.5996722142752609,8.199544904969831e-55,3.016151942376736,1.3204128261155106,1.0
1153,FAT3_code_potential_somatic,ENSG00000162702,1153,1.0,1.4108515820800545,0.5253982528740864,3.2518881955657156e-40,3.336322857360769,1.4029086401485682,1.0
1167,FAT3_code_potential_somatic,ENSG00000162702,1167,1.0,1.4108515820800545,0.5290373511074983,7.569855971612138e-41,3.624805369429823,1.5174277631968818,1.0
1209,FAT3_code_potential_somatic,ENSG00000172059,1209,1.0,1.4380837706410796,0.2981816102962286,1.0252366854269267e-12,4.081727621803865,1.919771293550502,1.0
