,Mutation,Regulator,Regulon,MutationRegulatorEdge,-log10(p)_MutationRegulatorEdge,RegulatorRegulon_Spearman_R,RegulatorRegulon_Spearman_p-value,Regulon_stratification_t-statistic,-log10(p)_Regulon_stratification,Fraction_of_edges_correctly_aligned
3531,FBXO38_code_potential_somatic,ENSG00000196812,3531,-1.0,1.3155169396032593,0.2763133322935077,4.6374949861199033e-11,-5.276034095283034,1.6585525739780307,1.0
1538,FBXO38_code_potential_somatic,ENSG00000113916,1538,-1.0,7.003901072908634,0.6841581243819654,7.158883160947051e-77,-19.6039809703334,17.941291700568353,1.0
1778,FBXO38_code_potential_somatic,ENSG00000197063,1778,-1.0,2.2524968156877807,0.09991893588935032,0.019306536740503023,-6.528580607327746,2.1515486062453983,0.5
