,Mutation,Regulator,Regulon,MutationRegulatorEdge,-log10(p)_MutationRegulatorEdge,RegulatorRegulon_Spearman_R,RegulatorRegulon_Spearman_p-value,Regulon_stratification_t-statistic,-log10(p)_Regulon_stratification,Fraction_of_edges_correctly_aligned
1803,FGA_code_potential_somatic,ENSG00000281306,1803,-1.0,1.6213950687058218,0.3945743266454167,7.3790697005791225e-22,-2.924760628835761,1.5080305035138997,1.0
892,FGA_code_potential_somatic,ENSG00000154727,892,-1.0,1.743911035684139,0.33724084659894965,4.837035515018521e-16,-3.8773082679698394,2.190987963859697,1.0
3602,FGA_code_potential_somatic,ENSG00000166478,3602,-1.0,2.263267801188211,0.547348273134645,3.751574126272493e-44,-2.578762557833475,1.364811045589709,1.0
3605,FGA_code_potential_somatic,ENSG00000166478,3605,-1.0,2.263267801188211,0.39306366263504516,1.0879228904513919e-21,-3.021635449910386,1.4678023535981768,1.0
979,FGA_code_potential_somatic,ENSG00000066136,979,-1.0,2.0282456895922896,0.28817142860892986,6.115645101691349e-12,-3.8701598518060787,1.8111780883451989,1.0
1610,FGA_code_potential_somatic,ENSG00000112592,1610,-1.0,2.40353172038378,0.5617391398191477,6.761613417344139e-47,-3.863162966015202,1.9436044073921632,0.75
1614,FGA_code_potential_somatic,ENSG00000112592,1614,-1.0,2.40353172038378,0.4340156587831692,1.4031616743668187e-26,-2.832813581209118,1.4460560847347317,0.75
1606,FGA_code_potential_somatic,ENSG00000112592,1606,-1.0,2.40353172038378,0.41310313080139427,5.347482013806556e-24,-5.320773405849209,2.4633695799944335,0.75
545,FGA_code_potential_somatic,ENSG00000169136,545,1.0,1.3120890935939364,0.3903781268510046,2.1586116099870858e-21,3.832874216077628,1.9155080044653385,1.0
