,Mutation,Regulator,Regulon,MutationRegulatorEdge,-log10(p)_MutationRegulatorEdge,RegulatorRegulon_Spearman_R,RegulatorRegulon_Spearman_p-value,Regulon_stratification_t-statistic,-log10(p)_Regulon_stratification,Fraction_of_edges_correctly_aligned
116,FGD5_code_potential_somatic,ENSG00000196843,116,-1.0,1.6725449861585817,0.4645621061414104,1.0941588355156899e-30,-2.416820821948247,1.3056892282466157,1.0
129,FGD5_code_potential_somatic,ENSG00000196843,129,-1.0,1.6725449861585817,0.35362189298297775,1.3831236173598629e-17,-3.012224237698526,1.6872796241705508,1.0
538,FGD5_code_potential_somatic,ENSG00000169136,538,-1.0,1.4232908674580151,0.2994566728480148,8.125207309485456e-13,-2.7220030682978025,1.485994370290295,1.0
547,FGD5_code_potential_somatic,ENSG00000169136,547,-1.0,1.4232908674580151,0.18394975818948414,1.4685582850237537e-05,-4.225103904500777,2.3776798937482124,1.0
3118,FGD5_code_potential_somatic,ENSG00000156273,3118,-1.0,1.5051147515102026,0.5138656672089656,2.940531147238543e-38,-2.726086491413364,1.5091852769137653,1.0
