,Mutation,Regulator,Regulon,MutationRegulatorEdge,-log10(p)_MutationRegulatorEdge,RegulatorRegulon_Spearman_R,RegulatorRegulon_Spearman_p-value,Regulon_stratification_t-statistic,-log10(p)_Regulon_stratification,Fraction_of_edges_correctly_aligned
3244,FILIP1_code_potential_somatic,ENSG00000025434,3244,-1.0,1.379915166474255,0.23516102750820214,2.536933644560716e-08,-3.0418880549815803,1.3257674492349902,1.0
956,FILIP1_code_potential_somatic,ENSG00000129173,956,1.0,1.4665485453668494,0.7719811749257338,1.5861341031969156e-109,4.924040998007234,2.5013969225024857,1.0
1372,FILIP1_code_potential_somatic,ENSG00000173153,1372,-1.0,1.730140389774263,0.2156146379747696,3.470077334717481e-07,-3.9496869785362967,1.8272819783949585,1.0
1370,FILIP1_code_potential_somatic,ENSG00000173153,1370,-1.0,1.730140389774263,0.5184140660268896,5.079407617554581e-39,-3.1400416635815414,1.4508507505723574,1.0
916,FILIP1_code_potential_somatic,ENSG00000101057,916,1.0,2.096665973512133,0.8137042900539069,9.46897652452271e-131,3.630997542055206,1.6614935924286194,1.0
2554,FILIP1_code_potential_somatic,ENSG00000263001,2554,1.0,1.3049067509684096,-0.18177553080148176,1.858400094284175e-05,-5.079524719560444,3.212629148062009,1.0
