,Mutation,Regulator,Regulon,MutationRegulatorEdge,-log10(p)_MutationRegulatorEdge,RegulatorRegulon_Spearman_R,RegulatorRegulon_Spearman_p-value,Regulon_stratification_t-statistic,-log10(p)_Regulon_stratification,Fraction_of_edges_correctly_aligned
2154,FLG2_code_potential_somatic,ENSG00000125798,2154,-1.0,1.6857911576427163,0.19449358187493984,4.508449658344598e-06,-2.1817029746105163,1.3368871042772634,1.0
3399,FLG2_code_potential_somatic,ENSG00000120149,3399,-1.0,6.38285624626801,0.12252588389376366,0.004071887528659675,-2.5343133567614786,1.6439581868852593,1.0
3398,FLG2_code_potential_somatic,ENSG00000120149,3398,-1.0,6.38285624626801,0.19005162450158916,7.473825507774001e-06,-7.420909457784251,7.235783559061732,1.0
3393,FLG2_code_potential_somatic,ENSG00000120149,3393,-1.0,6.38285624626801,0.1356500737175161,0.0014577784066699124,-4.527730896812774,3.4314303856827686,1.0
3394,FLG2_code_potential_somatic,ENSG00000120149,3394,-1.0,6.38285624626801,0.3907673687531798,1.9552981475623017e-21,-3.1788839455685074,2.123580381175635,1.0
