,Mutation,Regulator,Regulon,MutationRegulatorEdge,-log10(p)_MutationRegulatorEdge,RegulatorRegulon_Spearman_R,RegulatorRegulon_Spearman_p-value,Regulon_stratification_t-statistic,-log10(p)_Regulon_stratification,Fraction_of_edges_correctly_aligned
57,FLNA_code_potential_somatic,ENSG00000125347,57,-1.0,2.8738644933746853,0.5910295564983017,6.458447969963658e-53,-4.161890622509714,1.7675879874389575,1.0
52,FLNA_code_potential_somatic,ENSG00000125347,52,-1.0,2.8738644933746853,0.25355405638844913,1.7371139309325096e-09,-3.7440267376804903,1.5819277839607122,1.0
35,FLNA_code_potential_somatic,ENSG00000125347,35,-1.0,2.8738644933746853,0.5707869358517241,1.083363300896522e-48,-3.385091554648707,1.753684225439044,1.0
46,FLNA_code_potential_somatic,ENSG00000125347,46,-1.0,2.8738644933746853,0.6852481912975924,3.3187208614625384e-77,-5.47889649370366,3.343509315551006,1.0
2140,FLNA_code_potential_somatic,ENSG00000175592,2140,-1.0,1.3652400916733713,0.7417272058870178,8.857405543262781e-97,-3.526315398671309,3.082809587913134,1.0
2138,FLNA_code_potential_somatic,ENSG00000175592,2138,-1.0,1.3652400916733713,0.6028789025274255,1.5681961555226815e-55,-2.676370097126423,1.3298207860275049,1.0
