,Mutation,Regulator,Regulon,MutationRegulatorEdge,-log10(p)_MutationRegulatorEdge,RegulatorRegulon_Spearman_R,RegulatorRegulon_Spearman_p-value,Regulon_stratification_t-statistic,-log10(p)_Regulon_stratification,Fraction_of_edges_correctly_aligned
468,FPR2_code_potential_somatic,ENSG00000172216,468,-1.0,2.1486243545129966,0.3260471157707358,4.874133484092165e-15,-5.770240326007509,2.340298748646395,1.0
459,FPR2_code_potential_somatic,ENSG00000172216,459,-1.0,2.1486243545129966,0.37768933668965154,5.0541939676146437e-20,-5.463247876817549,1.9645618322429503,1.0
458,FPR2_code_potential_somatic,ENSG00000172216,458,-1.0,2.1486243545129966,0.6437152490583052,1.92593106774297e-65,-4.800652889448092,1.7122162568983883,1.0
113,FPR2_code_potential_somatic,ENSG00000057657,113,-1.0,5.5022972081733945,0.48237695985448864,2.783612097846488e-33,-5.792939082204637,2.1486243545129966,1.0
3640,FPR2_code_potential_somatic,ENSG00000076604,3640,1.0,2.835664029910266,-0.23632160714758385,2.1557552719535046e-08,-5.990460045088645,3.2491390696448192,1.0
1236,FPR2_code_potential_somatic,ENSG00000110777,1236,-1.0,5.643050328888045,0.3683191597506944,4.753848317408781e-19,-4.627552019315673,1.6167407313927964,1.0
1186,FPR2_code_potential_somatic,ENSG00000100811,1186,1.0,1.4080635908873784,0.4036442900699491,6.875636328881652e-23,3.755909957718507,1.41568926833075,0.5
