,Mutation,Regulator,Regulon,MutationRegulatorEdge,-log10(p)_MutationRegulatorEdge,RegulatorRegulon_Spearman_R,RegulatorRegulon_Spearman_p-value,Regulon_stratification_t-statistic,-log10(p)_Regulon_stratification,Fraction_of_edges_correctly_aligned
2092,GABRG2_code_potential_somatic,ENSG00000030419,2092,-1.0,1.5611516039671836,-0.2713725560541517,1.0486144463594457e-10,4.497228657437284,1.4023992486568662,1.0
1121,GABRG2_code_potential_somatic,ENSG00000165804,1121,1.0,1.6194570628616285,0.2661832716839204,2.427219813663866e-10,4.128309720291964,1.3149210621722467,1.0
1303,GABRG2_code_potential_somatic,ENSG00000197905,1303,1.0,1.4113841262390305,0.25615704780507453,1.167835252445955e-09,4.962317045394579,1.771721440215079,1.0
