,Mutation,Regulator,Regulon,MutationRegulatorEdge,-log10(p)_MutationRegulatorEdge,RegulatorRegulon_Spearman_R,RegulatorRegulon_Spearman_p-value,Regulon_stratification_t-statistic,-log10(p)_Regulon_stratification,Fraction_of_edges_correctly_aligned
3363,GABRA6_code_potential_somatic,ENSG00000105516,3363,1.0,1.317222338326001,0.40384926552648986,6.51105186434234e-23,2.2805325281894455,1.3024433062198255,1.0
1646,GABRA6_code_potential_somatic,ENSG00000138795,1646,-1.0,2.1043065281385442,0.4449703609573309,5.265831785172236e-28,-3.843209931843219,2.5145286047885773,1.0
1478,GABRA6_code_potential_somatic,ENSG00000087510,1478,-1.0,1.4138658889404614,0.18597004834244504,1.1770953620639454e-05,-3.5209067810979775,2.3625210197360147,1.0
1477,GABRA6_code_potential_somatic,ENSG00000087510,1477,-1.0,1.4138658889404614,0.13434414246872228,0.0016213704893200856,-2.593863300155631,1.5474874961945497,1.0
