,Mutation,Regulator,Regulon,MutationRegulatorEdge,-log10(p)_MutationRegulatorEdge,RegulatorRegulon_Spearman_R,RegulatorRegulon_Spearman_p-value,Regulon_stratification_t-statistic,-log10(p)_Regulon_stratification,Fraction_of_edges_correctly_aligned
2200,GOLGA6L10_code_potential_somatic,ENSG00000169083,2200,-1.0,1.492161044628999,0.4223688818818541,4.044150961655349e-25,-3.6281952656196026,1.5380144255326638,1.0
2207,GOLGA6L10_code_potential_somatic,ENSG00000169083,2207,-1.0,1.492161044628999,0.40309790760966463,7.948869748237142e-23,-5.853657815485735,2.268593953832123,1.0
3675,GOLGA6L10_code_potential_somatic,ENSG00000170370,3675,-1.0,1.4701041299681277,0.27726361338551714,3.9565054352759463e-11,-5.4342210733768335,2.1914924559104048,1.0
2607,GOLGA6L10_code_potential_somatic,ENSG00000196482,2607,-1.0,1.3244862615522623,0.4543449801831537,2.881577974829384e-29,-5.001940051229791,1.9954960418056764,1.0
2952,GOLGA6L10_code_potential_somatic,ENSG00000099326,2952,-1.0,2.5633860903781405,0.6748517573892705,4.433728282902681e-74,-8.369996636901694,5.546455706352739,1.0
1538,GOLGA6L10_code_potential_somatic,ENSG00000113916,1538,-1.0,3.491427379447139,0.6841581243819654,7.158883160947051e-77,-4.938389653082012,3.2258125051809587,1.0
