,Mutation,Regulator,Regulon,MutationRegulatorEdge,-log10(p)_MutationRegulatorEdge,RegulatorRegulon_Spearman_R,RegulatorRegulon_Spearman_p-value,Regulon_stratification_t-statistic,-log10(p)_Regulon_stratification,Fraction_of_edges_correctly_aligned
2980,GPR45_code_potential_somatic,ENSG00000187079,2980,-1.0,1.3096494726342502,0.34025801823370083,2.5530111958010085e-16,-3.1766070803209305,1.5515844413587754,0.5
2823,GPR45_code_potential_somatic,ENSG00000126456,2823,1.0,1.4179831830349514,0.4195568315417488,8.929547673661836e-25,3.6292774497922715,1.4209849527515772,1.0
3492,GPR45_code_potential_somatic,ENSG00000120093,3492,1.0,1.7329118422208272,-0.22759786338425927,7.179650240015342e-08,-5.2922855924783425,2.102704861531249,0.5
3398,GPR45_code_potential_somatic,ENSG00000120149,3398,1.0,2.2106650217939827,0.19005162450158916,7.473825507774001e-06,4.328905645746345,1.5950369641397102,1.0
3393,GPR45_code_potential_somatic,ENSG00000120149,3393,1.0,2.2106650217939827,0.1356500737175161,0.0014577784066699124,4.975209752760371,1.524559728714796,1.0
