,Mutation,Regulator,Regulon,MutationRegulatorEdge,-log10(p)_MutationRegulatorEdge,RegulatorRegulon_Spearman_R,RegulatorRegulon_Spearman_p-value,Regulon_stratification_t-statistic,-log10(p)_Regulon_stratification,Fraction_of_edges_correctly_aligned
2288,GRM8_code_potential_somatic,ENSG00000118689,2288,1.0,1.6305190957572353,0.5098697031326828,1.3458184188233866e-37,3.2580705367352714,1.7026982887985866,1.0
2281,GRM8_code_potential_somatic,ENSG00000118689,2281,1.0,1.6305190957572353,0.6482331677122894,1.2416596535060004e-66,2.499770263890709,1.3066278830022766,1.0
2285,GRM8_code_potential_somatic,ENSG00000118689,2285,1.0,1.6305190957572353,0.36174857554453943,2.192026586228512e-18,2.529746804436136,1.306064144206121,1.0
2289,GRM8_code_potential_somatic,ENSG00000118689,2289,1.0,1.6305190957572353,0.6409212826432166,1.0255208479425349e-64,2.8400245837828626,1.4865884718614903,1.0
3098,GRM8_code_potential_somatic,ENSG00000184486,3098,1.0,1.5287181260291964,0.5161286370838446,1.2315189989281638e-38,3.033637739397611,1.7011764104362586,1.0
1200,GRM8_code_potential_somatic,ENSG00000100811,1200,1.0,1.737716384552653,0.3719153873565801,2.02867539310328e-19,2.6466462395908006,1.3943168388853102,1.0
