,Mutation,Regulator,Regulon,MutationRegulatorEdge,-log10(p)_MutationRegulatorEdge,RegulatorRegulon_Spearman_R,RegulatorRegulon_Spearman_p-value,Regulon_stratification_t-statistic,-log10(p)_Regulon_stratification,Fraction_of_edges_correctly_aligned
3722,HCK_code_potential_somatic,ENSG00000137265,3722,-1.0,3.3364862869791914,0.3288728748927087,2.7447125190265412e-15,-5.937545751098509,2.6115455222580946,1.0
3105,HCK_code_potential_somatic,ENSG00000184486,3105,1.0,1.56980152628546,-0.3063553985656969,2.2632284740381152e-13,-3.4936271699234105,1.5577746569811903,1.0
3101,HCK_code_potential_somatic,ENSG00000184486,3101,1.0,1.56980152628546,-0.39465227711252515,7.232332742464199e-22,-2.9085692055177184,1.6379368813142958,1.0
717,HCK_code_potential_somatic,ENSG00000168310,717,-1.0,1.399975304544345,0.256121025793146,1.1743055563856762e-09,-2.789482029557046,1.4795381373863457,1.0
1235,HCK_code_potential_somatic,ENSG00000110777,1235,-1.0,1.6144372905463724,0.36754829584680226,5.697930515715456e-19,-3.4242862049855276,1.8779286971201647,1.0
