,Mutation,Regulator,Regulon,MutationRegulatorEdge,-log10(p)_MutationRegulatorEdge,RegulatorRegulon_Spearman_R,RegulatorRegulon_Spearman_p-value,Regulon_stratification_t-statistic,-log10(p)_Regulon_stratification,Fraction_of_edges_correctly_aligned
1438,HEATR5A_code_potential_somatic,ENSG00000221869,1438,1.0,2.1591372098146375,0.49272796519311113,7.33827605604778e-35,7.116983476658145,3.838850593642036,1.0
1297,HEATR5A_code_potential_somatic,ENSG00000131759,1297,1.0,2.051798174188354,0.28504961813386004,1.0522915896791589e-11,5.542986925099,3.3152457426575164,1.0
3277,HEATR5A_code_potential_somatic,ENSG00000137309,3277,1.0,2.207708789805317,0.27867693046081854,3.120616831555176e-11,2.923712392173333,1.4960133476605892,1.0
124,HEATR5A_code_potential_somatic,ENSG00000196843,124,1.0,10.487223632864652,0.08104726634857919,0.057952679321327555,2.7266491656556036,1.4579524492419842,1.0
116,HEATR5A_code_potential_somatic,ENSG00000196843,116,1.0,10.487223632864652,0.4645621061414104,1.0941588355156899e-30,3.189208044470098,1.6320290718093469,1.0
1235,HEATR5A_code_potential_somatic,ENSG00000110777,1235,-1.0,2.3105812498477065,0.36754829584680226,5.697930515715456e-19,-3.8015907297385425,2.1346863026806124,1.0
540,HEATR5A_code_potential_somatic,ENSG00000169136,540,1.0,1.3046125722092665,0.23593302151688114,2.2767512972488452e-08,3.6499783397712404,1.777861980140027,1.0
547,HEATR5A_code_potential_somatic,ENSG00000169136,547,1.0,1.3046125722092665,0.18394975818948414,1.4685582850237537e-05,7.846045692064467,4.277125607862645,1.0
543,HEATR5A_code_potential_somatic,ENSG00000169136,543,1.0,1.3046125722092665,0.2887632396389136,5.5135469046271824e-12,2.8522567438294795,1.364164622245226,1.0
