,Mutation,Regulator,Regulon,MutationRegulatorEdge,-log10(p)_MutationRegulatorEdge,RegulatorRegulon_Spearman_R,RegulatorRegulon_Spearman_p-value,Regulon_stratification_t-statistic,-log10(p)_Regulon_stratification,Fraction_of_edges_correctly_aligned
2678,HEATR7B2_code_potential_somatic,ENSG00000102034,2678,-1.0,1.3619233895630354,0.51862214999752,4.6843379447009314e-39,-2.303426320860904,1.3851945644215302,1.0
2682,HEATR7B2_code_potential_somatic,ENSG00000102034,2682,-1.0,1.3619233895630354,0.6909881364892289,5.475214196736149e-79,-2.5798986015087584,1.603242313523989,1.0
2692,HEATR7B2_code_potential_somatic,ENSG00000102034,2692,-1.0,1.3619233895630354,0.5753680493535116,1.2716446576833584e-49,-2.2373214170209352,1.3401809215471343,1.0
1839,HEATR7B2_code_potential_somatic,ENSG00000112658,1839,-1.0,1.4010097920064684,0.43930433182194023,2.919581539654522e-27,-2.2373214170209352,1.3401809215471343,1.0
1830,HEATR7B2_code_potential_somatic,ENSG00000112658,1830,-1.0,1.4010097920064684,0.26864421678630135,1.6339068208860545e-10,-2.4842408605109108,1.5342629244878172,1.0
3078,HEATR7B2_code_potential_somatic,ENSG00000100968,3078,-1.0,1.352922010445969,0.3499241678313662,3.1426903174990427e-17,-2.2146062450241777,1.3349770538066115,1.0
3072,HEATR7B2_code_potential_somatic,ENSG00000100968,3072,-1.0,1.352922010445969,0.23128975501167182,4.340184919713596e-08,-2.29876089201438,1.390291669056433,1.0
