,Mutation,Regulator,Regulon,MutationRegulatorEdge,-log10(p)_MutationRegulatorEdge,RegulatorRegulon_Spearman_R,RegulatorRegulon_Spearman_p-value,Regulon_stratification_t-statistic,-log10(p)_Regulon_stratification,Fraction_of_edges_correctly_aligned
2529,HECW1_code_potential_somatic,ENSG00000112333,2529,1.0,2.130586065087046,-0.2800459856712603,2.476477360786239e-11,-3.384953325186773,1.9089932276398152,1.0
3606,HECW1_code_potential_somatic,ENSG00000166478,3606,1.0,1.4733660300577778,0.5588034916850769,2.51626080751731e-46,3.7281493421510223,2.394291706023427,1.0
3255,HECW1_code_potential_somatic,ENSG00000184481,3255,-1.0,2.2587277674156976,-0.16601495263506488,9.439565827142555e-05,2.9876694157081802,1.541848464182484,1.0
1610,HECW1_code_potential_somatic,ENSG00000112592,1610,1.0,2.043648629798961,0.5617391398191477,6.761613417344139e-47,4.237085517493576,2.0853417837285155,1.0
1601,HECW1_code_potential_somatic,ENSG00000112592,1601,1.0,2.043648629798961,0.4138545616372719,4.350188014595611e-24,3.7652681757590893,2.370747857423653,1.0
1606,HECW1_code_potential_somatic,ENSG00000112592,1606,1.0,2.043648629798961,0.41310313080139427,5.347482013806556e-24,3.0655626540181333,1.5687368688437648,1.0
