,Mutation,Regulator,Regulon,MutationRegulatorEdge,-log10(p)_MutationRegulatorEdge,RegulatorRegulon_Spearman_R,RegulatorRegulon_Spearman_p-value,Regulon_stratification_t-statistic,-log10(p)_Regulon_stratification,Fraction_of_edges_correctly_aligned
2640,HELZ_code_potential_somatic,ENSG00000126767,2640,-1.0,1.736771864437561,0.3679243817758663,5.2162881321656205e-19,-3.8024705854614385,1.3927397435130084,1.0
2639,HELZ_code_potential_somatic,ENSG00000126767,2639,-1.0,1.736771864437561,0.3207372232876911,1.4110574596827732e-14,-8.183899309221793,2.935379527410757,1.0
2643,HELZ_code_potential_somatic,ENSG00000126767,2643,-1.0,1.736771864437561,0.3027881985180369,4.401519795687066e-13,-4.0159874218259475,1.3798299356206025,1.0
2684,HELZ_code_potential_somatic,ENSG00000102034,2684,1.0,1.6705108352652316,0.4983912324900616,9.518575163682427e-36,3.283599215455133,1.7662190718329682,1.0
493,HELZ_code_potential_somatic,ENSG00000068305,493,1.0,2.747688356857955,0.5455885905600307,7.95616765330567e-44,3.589685617695827,1.360195018892037,1.0
2351,HELZ_code_potential_somatic,ENSG00000155959,2351,-1.0,2.5917616430621346,0.6798362850601185,1.4597848425820899e-75,-4.619510002847732,1.641795177492696,1.0
