,Mutation,Regulator,Regulon,MutationRegulatorEdge,-log10(p)_MutationRegulatorEdge,RegulatorRegulon_Spearman_R,RegulatorRegulon_Spearman_p-value,Regulon_stratification_t-statistic,-log10(p)_Regulon_stratification,Fraction_of_edges_correctly_aligned
366,IL2_MEDIATED_SIGNALING_EVENTS_PID_NCI_NATURE_nonsilent_somatic,ENSG00000163497,366,-1.0,2.8787018008481677,0.2894018731355593,4.928790824080555e-12,-4.101719289908319,3.915762135549062,1.0
2103,IL2_MEDIATED_SIGNALING_EVENTS_PID_NCI_NATURE_nonsilent_somatic,ENSG00000105856,2103,1.0,1.6016747545060996,0.24667567508641092,4.856576332122605e-09,2.574580758239343,1.8511872915397667,1.0
2095,IL2_MEDIATED_SIGNALING_EVENTS_PID_NCI_NATURE_nonsilent_somatic,ENSG00000105856,2095,1.0,1.6016747545060996,0.305855830137109,2.4855471270809603e-13,2.1879566459961817,1.460620008040858,1.0
3020,IL2_MEDIATED_SIGNALING_EVENTS_PID_NCI_NATURE_nonsilent_somatic,ENSG00000166949,3020,1.0,1.3133279296631395,0.31164720712372473,8.296185808036837e-14,2.7003128778320993,1.989162472402161,1.0
3399,IL2_MEDIATED_SIGNALING_EVENTS_PID_NCI_NATURE_nonsilent_somatic,ENSG00000120149,3399,-1.0,2.2467012782096996,0.12252588389376366,0.004071887528659675,-3.002821558989657,2.4203600744665237,1.0
3398,IL2_MEDIATED_SIGNALING_EVENTS_PID_NCI_NATURE_nonsilent_somatic,ENSG00000120149,3398,-1.0,2.2467012782096996,0.19005162450158916,7.473825507774001e-06,-2.222359041710176,1.5028808651409404,1.0
841,IL2_MEDIATED_SIGNALING_EVENTS_PID_NCI_NATURE_nonsilent_somatic,ENSG00000113580,841,1.0,1.955534824567008,0.5383941051654617,1.643079127810912e-42,2.02230710625798,1.3022888327739675,1.0
851,IL2_MEDIATED_SIGNALING_EVENTS_PID_NCI_NATURE_nonsilent_somatic,ENSG00000113580,851,1.0,1.955534824567008,-0.33467030416068094,8.291506310731383e-16,-3.6778280286591842,3.3406734381156804,1.0
3126,IL2_MEDIATED_SIGNALING_EVENTS_PID_NCI_NATURE_nonsilent_somatic,ENSG00000156273,3126,1.0,1.592229138300449,0.43720630484378664,5.460383802447342e-27,2.8428670580931015,2.1516599807767918,1.0
