,Mutation,Regulator,Regulon,MutationRegulatorEdge,-log10(p)_MutationRegulatorEdge,RegulatorRegulon_Spearman_R,RegulatorRegulon_Spearman_p-value,Regulon_stratification_t-statistic,-log10(p)_Regulon_stratification,Fraction_of_edges_correctly_aligned
366,IL2_SIGNALING_EVENTS_MEDIATED_BY_STAT5_PID_NCI_NATURE_nonsilent_somatic,ENSG00000163497,366,-1.0,3.1076496610528856,0.2894018731355593,4.928790824080555e-12,-4.057091328908778,3.8322686593068185,1.0
2103,IL2_SIGNALING_EVENTS_MEDIATED_BY_STAT5_PID_NCI_NATURE_nonsilent_somatic,ENSG00000105856,2103,1.0,1.6014411620937996,0.24667567508641092,4.856576332122605e-09,2.368683013056481,1.6333619618737107,1.0
3399,IL2_SIGNALING_EVENTS_MEDIATED_BY_STAT5_PID_NCI_NATURE_nonsilent_somatic,ENSG00000120149,3399,-1.0,1.7436538098292105,0.12252588389376366,0.004071887528659675,-3.0983307336099837,2.5380435375671895,1.0
851,IL2_SIGNALING_EVENTS_MEDIATED_BY_STAT5_PID_NCI_NATURE_nonsilent_somatic,ENSG00000113580,851,1.0,2.2290642249691848,-0.33467030416068094,8.291506310731383e-16,-3.800578850237291,3.5118272892620888,1.0
3126,IL2_SIGNALING_EVENTS_MEDIATED_BY_STAT5_PID_NCI_NATURE_nonsilent_somatic,ENSG00000156273,3126,1.0,1.6168479050850706,0.43720630484378664,5.460383802447342e-27,2.765269871723789,2.0583362296884484,1.0
