,Mutation,Regulator,Regulon,MutationRegulatorEdge,-log10(p)_MutationRegulatorEdge,RegulatorRegulon_Spearman_R,RegulatorRegulon_Spearman_p-value,Regulon_stratification_t-statistic,-log10(p)_Regulon_stratification,Fraction_of_edges_correctly_aligned
366,IL4_MEDIATED_SIGNALING_EVENTS_PID_NCI_NATURE_nonsilent_somatic,ENSG00000163497,366,-1.0,3.625959339180597,0.2894018731355593,4.928790824080555e-12,-4.783561469181215,5.1332588256415725,1.0
946,IL4_MEDIATED_SIGNALING_EVENTS_PID_NCI_NATURE_nonsilent_somatic,ENSG00000001167,946,-1.0,1.413691564494652,0.3569742005829587,6.510849095546955e-18,-2.220813910546126,1.5072058766092207,1.0
3399,IL4_MEDIATED_SIGNALING_EVENTS_PID_NCI_NATURE_nonsilent_somatic,ENSG00000120149,3399,-1.0,4.104012910211739,0.12252588389376366,0.004071887528659675,-4.512842906369389,4.689723980109237,1.0
3398,IL4_MEDIATED_SIGNALING_EVENTS_PID_NCI_NATURE_nonsilent_somatic,ENSG00000120149,3398,-1.0,4.104012910211739,0.19005162450158916,7.473825507774001e-06,-4.030762204433206,3.7655636239491734,1.0
3393,IL4_MEDIATED_SIGNALING_EVENTS_PID_NCI_NATURE_nonsilent_somatic,ENSG00000120149,3393,-1.0,4.104012910211739,0.1356500737175161,0.0014577784066699124,-3.471671039511777,3.019491335097386,1.0
916,IL4_MEDIATED_SIGNALING_EVENTS_PID_NCI_NATURE_nonsilent_somatic,ENSG00000101057,916,-1.0,1.3731660901350564,0.8137042900539069,9.46897652452271e-131,-2.215256540665878,1.502189069794554,1.0
941,IL4_MEDIATED_SIGNALING_EVENTS_PID_NCI_NATURE_nonsilent_somatic,ENSG00000112242,941,-1.0,1.4832716750147066,0.5505707119021468,9.360156667283042e-45,-2.124360968339505,1.4104334720168838,1.0
944,IL4_MEDIATED_SIGNALING_EVENTS_PID_NCI_NATURE_nonsilent_somatic,ENSG00000112242,944,-1.0,1.4832716750147066,0.48907289768720463,2.687407961291249e-34,-3.275721700254586,2.702782096650526,1.0
851,IL4_MEDIATED_SIGNALING_EVENTS_PID_NCI_NATURE_nonsilent_somatic,ENSG00000113580,851,1.0,1.727951247122862,-0.33467030416068094,8.291506310731383e-16,-4.093857696811801,4.04142702658309,0.5
