,Mutation,Regulator,Regulon,MutationRegulatorEdge,-log10(p)_MutationRegulatorEdge,RegulatorRegulon_Spearman_R,RegulatorRegulon_Spearman_p-value,Regulon_stratification_t-statistic,-log10(p)_Regulon_stratification,Fraction_of_edges_correctly_aligned
3577,ITGB2_code_potential_somatic,ENSG00000134138,3577,-1.0,1.379897336847218,0.6019454657365405,2.5430605829568647e-55,-5.846511899060746,2.722619873292515,1.0
1650,ITGB2_code_potential_somatic,ENSG00000138795,1650,-1.0,1.870213332574851,0.3354609654467966,7.028702708760385e-16,-3.5426566802404063,1.6495295627384008,1.0
3761,ITGB2_code_potential_somatic,ENSG00000078399,3761,-1.0,1.3277350841160906,0.13531215527481014,0.0014985874826722483,-3.0295826457134725,1.3249511838945884,1.0
3398,ITGB2_code_potential_somatic,ENSG00000120149,3398,-1.0,1.7142342690162107,0.19005162450158916,7.473825507774001e-06,-3.8870151314110784,1.6906200022108289,1.0
1235,ITGB2_code_potential_somatic,ENSG00000110777,1235,-1.0,1.3414226522342219,0.36754829584680226,5.697930515715456e-19,-4.032148848000008,1.8948729530357598,1.0
1049,ITGB2_code_potential_somatic,ENSG00000005889,1049,-1.0,1.3410135008549378,0.3163151202686747,3.3658338495194005e-14,-3.1742976986286777,1.5215143239140347,1.0
