,Mutation,Regulator,Regulon,MutationRegulatorEdge,-log10(p)_MutationRegulatorEdge,RegulatorRegulon_Spearman_R,RegulatorRegulon_Spearman_p-value,Regulon_stratification_t-statistic,-log10(p)_Regulon_stratification,Fraction_of_edges_correctly_aligned
2091,JPH2_code_potential_somatic,ENSG00000030419,2091,1.0,3.721053831764181,0.3559231453604123,8.253762843512768e-18,4.627426090347853,1.6120997022992232,1.0
3721,JPH2_code_potential_somatic,ENSG00000137265,3721,1.0,1.334218524566516,-0.3738906915693982,1.2650050285892425e-19,-5.641540089521074,2.2188762215374207,1.0
3441,JPH2_code_potential_somatic,ENSG00000140044,3441,1.0,6.903395122004592,-0.33179875187374624,1.5049103791338916e-15,-5.1726022061098345,1.888404409435407,1.0
530,JPH2_code_potential_somatic,ENSG00000196092,530,1.0,1.9238149479862279,-0.20883778755202057,8.135480889585371e-07,-2.8047745152699437,2.2640936993788046,1.0
1916,JPH2_code_potential_somatic,ENSG00000167034,1916,1.0,12.818846260170059,-0.381100125369727,2.1948152078698023e-20,-4.327306618882267,2.3374917113656863,1.0
