,Mutation,Regulator,Regulon,MutationRegulatorEdge,-log10(p)_MutationRegulatorEdge,RegulatorRegulon_Spearman_R,RegulatorRegulon_Spearman_p-value,Regulon_stratification_t-statistic,-log10(p)_Regulon_stratification,Fraction_of_edges_correctly_aligned
3517,KCNA10_code_potential_somatic,ENSG00000105991,3517,-1.0,5.039107942398603,0.11951274459379158,0.005088455975786994,-5.305106053370847,1.5648977792531003,1.0
3545,KCNA10_code_potential_somatic,ENSG00000167157,3545,-1.0,3.740894079091231,0.15623982149578777,0.00024094113892140058,-8.16432513431631,2.668764939925358,1.0
1674,KCNA10_code_potential_somatic,ENSG00000143190,1674,1.0,1.489567393859897,-0.23860331721895198,1.56136965222373e-08,-4.859335184131331,1.5453657837305592,1.0
1425,KCNA10_code_potential_somatic,ENSG00000141448,1425,-1.0,1.7767571459237594,0.26666125119340894,2.2483415820679631e-10,-6.963788787848538,3.9964544509757727,1.0
1418,KCNA10_code_potential_somatic,ENSG00000141448,1418,-1.0,1.7767571459237594,0.13210189422491228,0.0019420373258037258,-3.5156915398762907,1.4094048185460495,1.0
27,KCNA10_code_potential_somatic,ENSG00000196712,27,1.0,1.4452210542627004,-0.2195707882483947,2.0830180184718533e-07,-6.311036132097615,1.8390811246712504,1.0
