,Mutation,Regulator,Regulon,MutationRegulatorEdge,-log10(p)_MutationRegulatorEdge,RegulatorRegulon_Spearman_R,RegulatorRegulon_Spearman_p-value,Regulon_stratification_t-statistic,-log10(p)_Regulon_stratification,Fraction_of_edges_correctly_aligned
104,KCNH6_code_potential_somatic,ENSG00000057657,104,-1.0,3.0169152582320664,0.40473180481873894,5.1473728401887207e-23,-3.9145644520869456,1.3195232284256349,1.0
103,KCNH6_code_potential_somatic,ENSG00000057657,103,-1.0,3.0169152582320664,0.45062778564452827,9.218547571241051e-29,-4.42580157802181,2.1948870826318405,1.0
1646,KCNH6_code_potential_somatic,ENSG00000138795,1646,-1.0,1.445737858813252,0.4449703609573309,5.265831785172236e-28,-7.976017927191679,10.362555305230277,0.5
2563,KCNH6_code_potential_somatic,ENSG00000175745,2563,1.0,1.5058737636867354,0.3783620149488433,4.290875563193481e-20,4.396493926773782,1.6184177577481331,1.0
