,Mutation,Regulator,Regulon,MutationRegulatorEdge,-log10(p)_MutationRegulatorEdge,RegulatorRegulon_Spearman_R,RegulatorRegulon_Spearman_p-value,Regulon_stratification_t-statistic,-log10(p)_Regulon_stratification,Fraction_of_edges_correctly_aligned
2414,KIAA1462_code_potential_somatic,ENSG00000198815,2414,1.0,1.31547593352302,0.5548471955733468,1.4485774081206976e-45,2.5011283540034555,1.797742648675016,0.5
2815,KIAA1462_code_potential_somatic,ENSG00000277615,2815,1.0,1.4535991568983677,0.1397222382036479,0.0010401139477505266,3.533208386340382,1.7780531611190753,1.0
3671,KIAA1462_code_potential_somatic,ENSG00000198517,3671,1.0,1.4449459248755223,-0.2552081521750623,1.3504160062972682e-09,-3.410943326885928,1.4612050360213626,1.0
1281,KIAA1462_code_potential_somatic,ENSG00000118263,1281,1.0,1.3671432339164777,0.6239234869132542,1.8688886779902213e-60,6.139791485792766,3.7123480265366773,1.0
1293,KIAA1462_code_potential_somatic,ENSG00000118263,1293,1.0,1.3671432339164777,0.6111127031770904,2.0557312282819358e-57,4.0433436193206065,2.0163298417179942,1.0
1285,KIAA1462_code_potential_somatic,ENSG00000118263,1285,1.0,1.3671432339164777,0.47341134359406495,5.880013452014301e-32,3.047058955465705,1.3200855127400326,1.0
