,Mutation,Regulator,Regulon,MutationRegulatorEdge,-log10(p)_MutationRegulatorEdge,RegulatorRegulon_Spearman_R,RegulatorRegulon_Spearman_p-value,Regulon_stratification_t-statistic,-log10(p)_Regulon_stratification,Fraction_of_edges_correctly_aligned
2953,KIAA2026_code_potential_somatic,ENSG00000099326,2953,-1.0,3.421404354017119,0.25546876486865056,1.2976767642873078e-09,-4.056436798265833,1.9343412123793264,1.0
1375,KIAA2026_code_potential_somatic,ENSG00000173153,1375,-1.0,1.3181260467531701,0.24809205476191673,3.939783782016515e-09,-3.0448727424738555,1.5962206784121007,1.0
53,KIAA2026_code_potential_somatic,ENSG00000125347,53,-1.0,4.078445533312047,0.5003526000783005,4.650279995882496e-36,-4.051939347455778,1.3624607778022408,1.0
3299,KIAA2026_code_potential_somatic,ENSG00000105722,3299,-1.0,1.4867538923510673,0.394976621057987,6.65207405108731e-22,-3.7640026613935778,1.4187723238736538,1.0
