,Mutation,Regulator,Regulon,MutationRegulatorEdge,-log10(p)_MutationRegulatorEdge,RegulatorRegulon_Spearman_R,RegulatorRegulon_Spearman_p-value,Regulon_stratification_t-statistic,-log10(p)_Regulon_stratification,Fraction_of_edges_correctly_aligned
2095,KIAA1012_code_potential_somatic,ENSG00000105856,2095,1.0,1.7503913492817758,0.305855830137109,2.4855471270809603e-13,2.6129218340621287,1.3017146407408366,1.0
1696,KIAA1012_code_potential_somatic,ENSG00000105997,1696,-1.0,1.539018715552704,-0.254596013334257,1.4826184992271661e-09,3.18226212051587,1.6947390763917956,1.0
1682,KIAA1012_code_potential_somatic,ENSG00000105997,1682,-1.0,1.539018715552704,-0.23075631707730074,4.670049416542364e-08,4.265000265604228,2.72825199974889,1.0
501,KIAA1012_code_potential_somatic,ENSG00000068305,501,1.0,1.3885323141901111,-0.4576396817316701,1.0157288404906929e-29,-2.952818270166719,1.8385658187290859,1.0
488,KIAA1012_code_potential_somatic,ENSG00000068305,488,1.0,1.3885323141901111,0.3900440117525096,2.3496648122085002e-21,2.66989667497521,1.315269191600001,1.0
502,KIAA1012_code_potential_somatic,ENSG00000068305,502,1.0,1.3885323141901111,0.23859733785664802,1.562696822756122e-08,4.366933199500749,2.2291542161575766,1.0
3118,KIAA1012_code_potential_somatic,ENSG00000156273,3118,1.0,1.7916076640060123,0.5138656672089656,2.940531147238543e-38,3.021837670775729,1.498160427523175,1.0
