,Mutation,Regulator,Regulon,MutationRegulatorEdge,-log10(p)_MutationRegulatorEdge,RegulatorRegulon_Spearman_R,RegulatorRegulon_Spearman_p-value,Regulon_stratification_t-statistic,-log10(p)_Regulon_stratification,Fraction_of_edges_correctly_aligned
2946,KIAA1324L_code_potential_somatic,ENSG00000100644,2946,1.0,1.9364967753680093,0.4403489701678677,2.1341629499025122e-27,4.263080828511183,1.4394494530753714,1.0
2182,KIAA1324L_code_potential_somatic,ENSG00000136997,2182,1.0,2.133616429123192,0.30817181216314593,1.6073541450986608e-13,3.246766866346384,2.1684510636368635,1.0
3562,KIAA1324L_code_potential_somatic,ENSG00000025156,3562,1.0,1.8612000078317954,0.3190648977379562,1.963626119292034e-14,4.547077911371232,1.4957865365066954,1.0
543,KIAA1324L_code_potential_somatic,ENSG00000169136,543,1.0,1.6341891657827026,0.2887632396389136,5.5135469046271824e-12,5.334951930662176,1.7376358822084506,1.0
