,Mutation,Regulator,Regulon,MutationRegulatorEdge,-log10(p)_MutationRegulatorEdge,RegulatorRegulon_Spearman_R,RegulatorRegulon_Spearman_p-value,Regulon_stratification_t-statistic,-log10(p)_Regulon_stratification,Fraction_of_edges_correctly_aligned
80,KIT_code_potential_somatic,ENSG00000213928,80,-1.0,1.5079209301824357,0.3026300370931928,4.532306656935337e-13,-2.4426117643179577,1.307946407670124,1.0
83,KIT_code_potential_somatic,ENSG00000213928,83,-1.0,1.5079209301824357,0.4298628458249869,4.7218587520052576e-26,-5.136991012286608,2.3301765721455827,1.0
76,KIT_code_potential_somatic,ENSG00000213928,76,-1.0,1.5079209301824357,0.19374657872920614,4.9124323702480266e-06,-7.033640852764449,3.8308417214108332,1.0
1777,KIT_code_potential_somatic,ENSG00000197063,1777,1.0,2.1378190155960666,-0.19468504693471275,4.410132302688048e-06,-4.806012958106529,1.6831070800354924,1.0
956,KIT_code_potential_somatic,ENSG00000129173,956,1.0,2.5090433230479654,0.7719811749257338,1.5861341031969156e-109,3.9777554117532175,1.3296152931106247,1.0
916,KIT_code_potential_somatic,ENSG00000101057,916,1.0,1.3183600867590766,0.8137042900539069,9.46897652452271e-131,6.318182005229166,2.5900145324181074,1.0
1186,KIT_code_potential_somatic,ENSG00000100811,1186,1.0,1.4574380004615555,0.4036442900699491,6.875636328881652e-23,4.19175222782475,1.4088668995811393,1.0
