,Mutation,Regulator,Regulon,MutationRegulatorEdge,-log10(p)_MutationRegulatorEdge,RegulatorRegulon_Spearman_R,RegulatorRegulon_Spearman_p-value,Regulon_stratification_t-statistic,-log10(p)_Regulon_stratification,Fraction_of_edges_correctly_aligned
3422,KRT37_code_potential_somatic,ENSG00000185022,3422,1.0,1.432972899291517,0.29867206384325556,9.376429140861282e-13,5.450540483436624,3.408119860048599,1.0
159,KRT37_code_potential_somatic,ENSG00000178573,159,1.0,1.6637997489631606,0.4123296784116655,6.609690096601123e-24,2.9720439051396768,1.43078277761908,1.0
163,KRT37_code_potential_somatic,ENSG00000178573,163,1.0,1.6637997489631606,0.4531010540667795,4.2591906544578275e-29,3.454143812223623,1.604134160829803,1.0
155,KRT37_code_potential_somatic,ENSG00000178573,155,1.0,1.6637997489631606,0.437889848041799,4.454969881791262e-27,3.3331073242863645,1.5800315420568656,1.0
161,KRT37_code_potential_somatic,ENSG00000178573,161,1.0,1.6637997489631606,0.2668862113498943,2.1686621081395332e-10,3.860662711462929,1.601573057133447,1.0
1330,KRT37_code_potential_somatic,ENSG00000116044,1330,1.0,1.4138568082786893,0.33238553148910843,1.3330057562902736e-15,4.468145798612348,1.796123108319539,1.0
