,Mutation,Regulator,Regulon,MutationRegulatorEdge,-log10(p)_MutationRegulatorEdge,RegulatorRegulon_Spearman_R,RegulatorRegulon_Spearman_p-value,Regulon_stratification_t-statistic,-log10(p)_Regulon_stratification,Fraction_of_edges_correctly_aligned
1580,KRT9_code_potential_somatic,ENSG00000105866,1580,1.0,2.509619989938487,-0.16683930252342943,8.70086169584507e-05,-3.233149909274215,2.439262709271734,1.0
2897,KRT9_code_potential_somatic,ENSG00000109381,2897,1.0,1.5830353182518535,0.6838262697740976,9.040613206213917e-77,3.486278460589052,1.3070244023934092,1.0
2594,KRT9_code_potential_somatic,ENSG00000185630,2594,1.0,1.3339915435230627,0.4522632870727573,5.53633587571199e-29,3.3093751051647367,1.4209193522857362,1.0
1236,KRT9_code_potential_somatic,ENSG00000110777,1236,-1.0,2.3819598846951155,0.3683191597506944,4.753848317408781e-19,-4.730893557965459,2.8937076094190037,1.0
