,Mutation,Regulator,Regulon,MutationRegulatorEdge,-log10(p)_MutationRegulatorEdge,RegulatorRegulon_Spearman_R,RegulatorRegulon_Spearman_p-value,Regulon_stratification_t-statistic,-log10(p)_Regulon_stratification,Fraction_of_edges_correctly_aligned
2810,KSR2_code_potential_somatic,ENSG00000277615,2810,-1.0,3.3938860994773195,0.3974048984248537,3.546085412454889e-22,-2.68658771001802,1.5083056618705772,1.0
2816,KSR2_code_potential_somatic,ENSG00000277615,2816,-1.0,3.3938860994773195,0.4503918195906806,9.920017737330212e-29,-4.449971512798182,2.466241684097634,1.0
3526,KSR2_code_potential_somatic,ENSG00000153234,3526,-1.0,1.8694418512460698,0.28253318163253655,1.6218199881278203e-11,-2.9450189247251144,1.746400383563784,1.0
2039,KSR2_code_potential_somatic,ENSG00000054598,2039,-1.0,1.6818934946213548,0.4104257619512322,1.1109781326525633e-23,-3.190248000600073,1.6949523450287605,1.0
3498,KSR2_code_potential_somatic,ENSG00000123358,3498,-1.0,2.003524033653822,0.16056213880914585,0.00016026628169104899,-4.097484017128515,2.0781572411692117,1.0
3376,KSR2_code_potential_somatic,ENSG00000137273,3376,-1.0,1.5332683596936332,0.4518914728241265,6.218274453371455e-29,-3.6237422079303845,1.6955896402823811,1.0
