,Mutation,Regulator,Regulon,MutationRegulatorEdge,-log10(p)_MutationRegulatorEdge,RegulatorRegulon_Spearman_R,RegulatorRegulon_Spearman_p-value,Regulon_stratification_t-statistic,-log10(p)_Regulon_stratification,Fraction_of_edges_correctly_aligned
3750,L1CAM_code_potential_somatic,ENSG00000163666,3750,1.0,1.6533139717695406,0.19375642280129188,4.9068906131440965e-06,3.51522587916141,1.7683630286050398,1.0
946,L1CAM_code_potential_somatic,ENSG00000001167,946,1.0,1.4510521895734843,0.3569742005829587,6.510849095546955e-18,10.135288273119533,11.304422239276724,1.0
113,L1CAM_code_potential_somatic,ENSG00000057657,113,-1.0,1.511836600197186,0.48237695985448864,2.783612097846488e-33,-3.0418170221555165,1.6776429353565916,1.0
109,L1CAM_code_potential_somatic,ENSG00000057657,109,-1.0,1.511836600197186,0.38778133355384053,4.162238320481003e-21,-2.707002231052436,1.3829374168020807,1.0
956,L1CAM_code_potential_somatic,ENSG00000129173,956,1.0,2.866996641234887,0.7719811749257338,1.5861341031969156e-109,6.671082825777755,4.0390429960694725,1.0
916,L1CAM_code_potential_somatic,ENSG00000101057,916,1.0,3.7149440911649343,0.8137042900539069,9.46897652452271e-131,8.528495426438571,6.904263186789919,1.0
