,Mutation,Regulator,Regulon,MutationRegulatorEdge,-log10(p)_MutationRegulatorEdge,RegulatorRegulon_Spearman_R,RegulatorRegulon_Spearman_p-value,Regulon_stratification_t-statistic,-log10(p)_Regulon_stratification,Fraction_of_edges_correctly_aligned
2200,LAMB4_code_potential_somatic,ENSG00000169083,2200,1.0,2.345360424199403,0.4223688818818541,4.044150961655349e-25,3.4420314564678285,2.2544474736979594,1.0
2201,LAMB4_code_potential_somatic,ENSG00000169083,2201,1.0,2.345360424199403,0.3049596549820448,2.9391888289980374e-13,3.5184846429333523,1.5054838705788713,1.0
2528,LAMB4_code_potential_somatic,ENSG00000112333,2528,1.0,2.0494626811933747,0.5900396803607918,1.0560480916954014e-52,4.528442865504346,2.200798160191716,1.0
3109,LAMB4_code_potential_somatic,ENSG00000184486,3109,1.0,1.570047626428094,0.3534299700368322,1.4437006066480604e-17,4.513202525308239,3.2447035764082677,1.0
3105,LAMB4_code_potential_somatic,ENSG00000184486,3105,1.0,1.570047626428094,-0.3063553985656969,2.2632284740381152e-13,-4.170606173244123,2.020896953217403,1.0
3111,LAMB4_code_potential_somatic,ENSG00000184486,3111,1.0,1.570047626428094,0.2796324617246071,2.6559539321919494e-11,3.7432036406295883,1.8767001078962176,1.0
3101,LAMB4_code_potential_somatic,ENSG00000184486,3101,1.0,1.570047626428094,-0.39465227711252515,7.232332742464199e-22,-6.823057018666266,5.911181153876997,1.0
839,LAMB4_code_potential_somatic,ENSG00000113580,839,1.0,2.512169220909018,0.2903503957353438,4.170576972448733e-12,2.854017571094079,1.3726713219123143,1.0
