,Mutation,Regulator,Regulon,MutationRegulatorEdge,-log10(p)_MutationRegulatorEdge,RegulatorRegulon_Spearman_R,RegulatorRegulon_Spearman_p-value,Regulon_stratification_t-statistic,-log10(p)_Regulon_stratification,Fraction_of_edges_correctly_aligned
3243,LGI2_code_potential_somatic,ENSG00000025434,3243,1.0,1.4810611165432996,0.2671562306012533,2.0766505157740116e-10,6.4443808812629095,2.497351832374031,1.0
960,LGI2_code_potential_somatic,ENSG00000101412,960,1.0,1.5960829094760882,0.6491518019355196,7.070099083657812e-67,7.870164463516123,4.97659309771921,0.6666666666666666
963,LGI2_code_potential_somatic,ENSG00000101412,963,1.0,1.5960829094760882,0.6513661348023898,1.8046161375597924e-67,4.355429029345011,1.4240367361585173,0.6666666666666666
2445,LGI2_code_potential_somatic,ENSG00000082641,2445,1.0,1.4670614686066217,0.04575699711174925,0.28495339700260497,5.090914516746793,1.5698602290751804,1.0
1091,LGI2_code_potential_somatic,ENSG00000070444,1091,1.0,2.1539311643626,0.536417196733489,3.727865465651485e-42,3.3825149610679826,2.311252766272578,1.0
980,LGI2_code_potential_somatic,ENSG00000066136,980,1.0,1.7048336609982413,0.39893087543624745,2.381773231041821e-22,4.852854033148366,2.6636591112239834,1.0
643,LGI2_code_potential_somatic,ENSG00000071564,643,1.0,2.4115886259611563,0.4571619160997757,1.182367072171057e-29,3.3694820716085383,1.844056446801805,1.0
650,LGI2_code_potential_somatic,ENSG00000071564,650,1.0,2.4115886259611563,0.4642004276410752,1.2308064680642111e-30,3.781669547129368,1.4342429178906764,1.0
