,Mutation,Regulator,Regulon,MutationRegulatorEdge,-log10(p)_MutationRegulatorEdge,RegulatorRegulon_Spearman_R,RegulatorRegulon_Spearman_p-value,Regulon_stratification_t-statistic,-log10(p)_Regulon_stratification,Fraction_of_edges_correctly_aligned
2700,LILRA6_code_potential_somatic,ENSG00000065970,2700,1.0,1.3965860568819923,0.3363238165948742,5.865819756629841e-16,7.191723711092253,2.645082724738783,1.0
2698,LILRA6_code_potential_somatic,ENSG00000065970,2698,1.0,1.3965860568819923,0.3208602377292366,1.3770589688763898e-14,7.86088428984157,4.6085006848044685,1.0
773,LILRA6_code_potential_somatic,ENSG00000115415,773,-1.0,1.6831346881577824,0.32114921593424217,1.3003220947791278e-14,-3.0361734047008544,2.516837235062206,0.6666666666666666
781,LILRA6_code_potential_somatic,ENSG00000115415,781,-1.0,1.6831346881577824,0.4345810731161528,1.1879252061148028e-26,-4.3032730422893115,1.3720544989151768,0.6666666666666666
1293,LILRA6_code_potential_somatic,ENSG00000118263,1293,1.0,1.6807930327060054,0.6111127031770904,2.0557312282819358e-57,4.37416202892675,2.399783780176134,1.0
686,LILRA6_code_potential_somatic,ENSG00000188786,686,1.0,1.5836321003460103,0.38035270508173613,2.637218332487282e-20,4.04306387604067,1.4247794319600253,1.0
678,LILRA6_code_potential_somatic,ENSG00000188786,678,1.0,1.5836321003460103,0.27860175091770456,3.16037078157384e-11,3.862545593763513,2.1003062339459926,1.0
