,Mutation,Regulator,Regulon,MutationRegulatorEdge,-log10(p)_MutationRegulatorEdge,RegulatorRegulon_Spearman_R,RegulatorRegulon_Spearman_p-value,Regulon_stratification_t-statistic,-log10(p)_Regulon_stratification,Fraction_of_edges_correctly_aligned
1246,LOC401010_code_potential_somatic,ENSG00000151702,1246,-1.0,1.3107549472718625,0.39119708072948517,1.7527427011751133e-21,-5.21622459228189,1.66652216210267,1.0
1244,LOC401010_code_potential_somatic,ENSG00000151702,1244,-1.0,1.3107549472718625,0.38109312514068827,2.1985979843151025e-20,-3.761789482518241,1.6557659321659857,1.0
1490,LOC401010_code_potential_somatic,ENSG00000129194,1490,1.0,1.8383516222585854,-0.17995838801350786,2.2577758337536196e-05,-5.0304278348359075,2.8572209645364635,1.0
485,LOC401010_code_potential_somatic,ENSG00000068305,485,-1.0,2.117884452684294,0.3344279212302144,8.721476412220345e-16,-6.460544522695245,2.1293235820438534,1.0
497,LOC401010_code_potential_somatic,ENSG00000068305,497,-1.0,2.117884452684294,0.24614438686999127,5.25129938454109e-09,-4.417397749795987,1.7179808633599145,1.0
