,Mutation,Regulator,Regulon,MutationRegulatorEdge,-log10(p)_MutationRegulatorEdge,RegulatorRegulon_Spearman_R,RegulatorRegulon_Spearman_p-value,Regulon_stratification_t-statistic,-log10(p)_Regulon_stratification,Fraction_of_edges_correctly_aligned
2594,LRRC30_code_potential_somatic,ENSG00000185630,2594,-1.0,1.7128853123195358,0.4522632870727573,5.53633587571199e-29,-4.240998267759834,1.4716713737988731,1.0
2589,LRRC30_code_potential_somatic,ENSG00000185630,2589,-1.0,1.7128853123195358,0.283648041026009,1.3396920577205093e-11,-2.6448279573411555,1.9012987303357556,1.0
1256,LRRC30_code_potential_somatic,ENSG00000073282,1256,1.0,1.3067085638781384,0.13710481131401833,0.0012934967084858022,2.5960108746700237,1.8435766141016585,1.0
336,LRRC30_code_potential_somatic,ENSG00000134532,336,-1.0,2.014063713157326,0.3531477003846553,1.537565530552558e-17,-6.691837090244628,4.6627023521562725,1.0
