,Mutation,Regulator,Regulon,MutationRegulatorEdge,-log10(p)_MutationRegulatorEdge,RegulatorRegulon_Spearman_R,RegulatorRegulon_Spearman_p-value,Regulon_stratification_t-statistic,-log10(p)_Regulon_stratification,Fraction_of_edges_correctly_aligned
2957,LRRIQ1_code_potential_somatic,ENSG00000099326,2957,1.0,1.4460287918567445,0.41592837948999983,2.4543388813726996e-24,3.554671081027671,1.6932864350349757,1.0
2952,LRRIQ1_code_potential_somatic,ENSG00000099326,2952,1.0,1.4460287918567445,0.6748517573892705,4.433728282902681e-74,2.9077093500611086,1.3729127114890498,1.0
2823,LRRIQ1_code_potential_somatic,ENSG00000126456,2823,1.0,1.5039486473586996,0.4195568315417488,8.929547673661836e-25,2.6142303862917604,1.438869447166913,1.0
2830,LRRIQ1_code_potential_somatic,ENSG00000126456,2830,1.0,1.5039486473586996,0.5963904193990348,4.371680359735945e-54,2.6940458784770653,1.4925998938479472,1.0
3080,LRRIQ1_code_potential_somatic,ENSG00000100968,3080,1.0,1.630043542500554,0.2615669852281313,5.044484278144171e-10,3.8389351849344187,1.6185933444913665,1.0
