,Mutation,Regulator,Regulon,MutationRegulatorEdge,-log10(p)_MutationRegulatorEdge,RegulatorRegulon_Spearman_R,RegulatorRegulon_Spearman_p-value,Regulon_stratification_t-statistic,-log10(p)_Regulon_stratification,Fraction_of_edges_correctly_aligned
3092,LTBP2_code_potential_somatic,ENSG00000119725,3092,-1.0,1.3374638017174756,0.43490432327582723,1.0798985900997392e-26,-3.0064076379191866,1.4578473498483107,1.0
1608,LTBP2_code_potential_somatic,ENSG00000112592,1608,-1.0,2.143270694458674,0.41293651076646165,5.5975170845146835e-24,-3.2278237180720852,1.407841145360529,1.0
1602,LTBP2_code_potential_somatic,ENSG00000112592,1602,-1.0,2.143270694458674,0.1977285423474116,3.097228171973394e-06,-3.6425981966912073,1.8746655781333235,1.0
