,Mutation,Regulator,Regulon,MutationRegulatorEdge,-log10(p)_MutationRegulatorEdge,RegulatorRegulon_Spearman_R,RegulatorRegulon_Spearman_p-value,Regulon_stratification_t-statistic,-log10(p)_Regulon_stratification,Fraction_of_edges_correctly_aligned
832,LUM_code_potential_somatic,ENSG00000152284,832,-1.0,3.5416827424921764,0.2787978302498419,3.057707982116084e-11,-4.854123109529262,1.454520499364512,1.0
373,LUM_code_potential_somatic,ENSG00000112561,373,-1.0,2.9799761240136666,0.2876538491743777,6.694548646296452e-12,-5.9690099976787,1.8670659829269782,1.0
372,LUM_code_potential_somatic,ENSG00000112561,372,-1.0,2.9799761240136666,0.3576730567819933,5.558143064804769e-18,-4.378396202723538,1.4020977627235705,1.0
7,LUM_code_potential_somatic,ENSG00000126351,7,-1.0,1.7901521333526311,0.5924389359447688,3.1973683806405464e-53,-9.370321943251808,3.0054882052567082,1.0
633,LUM_code_potential_somatic,ENSG00000140968,633,-1.0,1.3205070264281407,0.37840131831813373,4.249973309836453e-20,-4.135064096976721,1.334320407284271,1.0
