,Mutation,Regulator,Regulon,MutationRegulatorEdge,-log10(p)_MutationRegulatorEdge,RegulatorRegulon_Spearman_R,RegulatorRegulon_Spearman_p-value,Regulon_stratification_t-statistic,-log10(p)_Regulon_stratification,Fraction_of_edges_correctly_aligned
3530,LY75_code_potential_somatic,ENSG00000196812,3530,-1.0,1.3447560975144928,-0.20078589238008301,2.1596807806476795e-06,3.055149312887773,1.5511389088682355,1.0
1778,LY75_code_potential_somatic,ENSG00000197063,1778,-1.0,1.4764792255993273,0.09991893588935032,0.019306536740503023,-4.536106094657502,1.962396487221847,1.0
2043,LY75_code_potential_somatic,ENSG00000054598,2043,1.0,1.4671457521559088,0.44557682871686455,4.375383691115867e-28,3.367707905267428,1.432337642722184,1.0
2565,LY75_code_potential_somatic,ENSG00000175745,2565,-1.0,1.7059993837572351,0.4047934943371429,5.0633719300263606e-23,-2.8205737464392193,1.6996794649318838,1.0
3487,LY75_code_potential_somatic,ENSG00000129654,3487,-1.0,2.019193547420212,0.2500965995147821,2.923649799590827e-09,-4.780555934538672,2.0499092849015925,1.0
3481,LY75_code_potential_somatic,ENSG00000203883,3481,1.0,1.6930374060585522,0.29219918539209705,3.0061923892346764e-12,3.2397515136219917,1.4050067041360572,1.0
3377,LY75_code_potential_somatic,ENSG00000137273,3377,1.0,1.841119370470053,0.4214466017059996,5.248179486061119e-25,2.786015147074835,1.7539444251745084,0.5
2462,LY75_code_potential_somatic,ENSG00000109906,2462,-1.0,1.6712316998227172,0.36172290803806406,2.205001851954097e-18,-4.017262510345886,1.6300679286932807,1.0
