,Mutation,Regulator,Regulon,MutationRegulatorEdge,-log10(p)_MutationRegulatorEdge,RegulatorRegulon_Spearman_R,RegulatorRegulon_Spearman_p-value,Regulon_stratification_t-statistic,-log10(p)_Regulon_stratification,Fraction_of_edges_correctly_aligned
1081,LZTR1_code_potential_somatic,ENSG00000163848,1081,1.0,1.5658292139267487,-0.2438842608381593,7.307280185415195e-09,-4.752460952660236,2.9402471727164476,1.0
3501,LZTR1_code_potential_somatic,ENSG00000108813,3501,-1.0,2.197603970540309,-0.29219482549959225,3.008522623512852e-12,3.6233177964587804,2.305229119786855,1.0
1257,LZTR1_code_potential_somatic,ENSG00000073282,1257,-1.0,2.1599259115423006,0.2989050092053926,8.986478446110168e-13,-2.3067626197642754,1.4087233603189617,1.0
3198,LZTR1_code_potential_somatic,ENSG00000176165,3198,1.0,3.598434019038971,0.19173474207109215,6.179587436198497e-06,2.577196677437562,1.4820955168783092,1.0
1181,LZTR1_code_potential_somatic,ENSG00000100811,1181,1.0,2.199046692311183,0.202856283037344,1.6864678669358975e-06,2.549774276680756,1.4234140824210393,1.0
1186,LZTR1_code_potential_somatic,ENSG00000100811,1186,1.0,2.199046692311183,0.4036442900699491,6.875636328881652e-23,2.384208719826966,1.3062689499357583,1.0
