,Mutation,Regulator,Regulon,MutationRegulatorEdge,-log10(p)_MutationRegulatorEdge,RegulatorRegulon_Spearman_R,RegulatorRegulon_Spearman_p-value,Regulon_stratification_t-statistic,-log10(p)_Regulon_stratification,Fraction_of_edges_correctly_aligned
366,MACC1_code_potential_somatic,ENSG00000163497,366,-1.0,2.0658684935754072,0.2894018731355593,4.928790824080555e-12,-3.663602364008986,3.1182354635600285,1.0
2529,MACC1_code_potential_somatic,ENSG00000112333,2529,1.0,1.6937930568227202,-0.2800459856712603,2.476477360786239e-11,-3.24039934910985,1.9111961074091695,1.0
2525,MACC1_code_potential_somatic,ENSG00000112333,2525,1.0,1.6937930568227202,0.4068991778158076,2.8815856743790265e-23,3.8362749360404558,1.4083580567913028,1.0
1646,MACC1_code_potential_somatic,ENSG00000138795,1646,-1.0,2.1193855855459653,0.4449703609573309,5.265831785172236e-28,-2.680862809166681,1.4831062456387842,1.0
3714,MACC1_code_potential_somatic,ENSG00000163435,3714,-1.0,1.595833589194797,-0.12412638417679896,0.0036102202896085302,4.140271492620553,1.3986956380024822,1.0
2980,MACC1_code_potential_somatic,ENSG00000187079,2980,1.0,1.781717120592343,0.34025801823370083,2.5530111958010085e-16,3.8915985602731453,3.026334407488017,1.0
60,MACC1_code_potential_somatic,ENSG00000166888,60,-1.0,4.6718791732112654,0.4327467214317918,2.0366414746574821e-26,-3.853862121736233,1.3397422779552293,1.0
