,Mutation,Regulator,Regulon,MutationRegulatorEdge,-log10(p)_MutationRegulatorEdge,RegulatorRegulon_Spearman_R,RegulatorRegulon_Spearman_p-value,Regulon_stratification_t-statistic,-log10(p)_Regulon_stratification,Fraction_of_edges_correctly_aligned
2414,MAGEB4_code_potential_somatic,ENSG00000198815,2414,-1.0,1.304168982495003,0.5548471955733468,1.4485774081206976e-45,-3.912242015839401,2.30692763209685,1.0
2417,MAGEB4_code_potential_somatic,ENSG00000198815,2417,-1.0,1.304168982495003,0.27672714791637093,4.3279403956967754e-11,-3.084832464759168,1.530524966689924,1.0
12,MAGEB4_code_potential_somatic,ENSG00000126351,12,-1.0,1.534755001877642,0.47919761624700663,8.296253055498482e-33,-3.047762224540369,1.498348743900803,1.0
7,MAGEB4_code_potential_somatic,ENSG00000126351,7,-1.0,1.534755001877642,0.5924389359447688,3.1973683806405464e-53,-3.087306503529469,1.3131310388450228,1.0
1253,MAGEB4_code_potential_somatic,ENSG00000089220,1253,-1.0,1.5144368552953635,0.2657955610818475,2.582430391060707e-10,-3.8155815640531956,1.710268942608123,1.0
1341,MAGEB4_code_potential_somatic,ENSG00000182944,1341,-1.0,1.3262001116550768,0.3997421728142168,1.925919366923528e-22,-8.771148381083382,5.141433820902932,1.0
