,Mutation,Regulator,Regulon,MutationRegulatorEdge,-log10(p)_MutationRegulatorEdge,RegulatorRegulon_Spearman_R,RegulatorRegulon_Spearman_p-value,Regulon_stratification_t-statistic,-log10(p)_Regulon_stratification,Fraction_of_edges_correctly_aligned
2528,MAPKBP1_code_potential_somatic,ENSG00000112333,2528,1.0,2.575727984927636,0.5900396803607918,1.0560480916954014e-52,4.1075129782227915,1.40179481083874,1.0
1235,MAPKBP1_code_potential_somatic,ENSG00000110777,1235,-1.0,1.3042527923526441,0.36754829584680226,5.697930515715456e-19,-4.37816282582925,1.6547519155528845,1.0
1236,MAPKBP1_code_potential_somatic,ENSG00000110777,1236,-1.0,1.3042527923526441,0.3683191597506944,4.753848317408781e-19,-4.194125313767927,2.07847846348115,1.0
2140,MAPKBP1_code_potential_somatic,ENSG00000175592,2140,1.0,2.289487863682682,0.7417272058870178,8.857405543262781e-97,4.116529437538125,1.3291133330530993,1.0
186,MAPKBP1_code_potential_somatic,ENSG00000007866,186,1.0,2.6225615152564763,0.5363189747697891,3.8821898238458e-42,3.1073664396556175,1.3241709566267483,1.0
