,Mutation,Regulator,Regulon,MutationRegulatorEdge,-log10(p)_MutationRegulatorEdge,RegulatorRegulon_Spearman_R,RegulatorRegulon_Spearman_p-value,Regulon_stratification_t-statistic,-log10(p)_Regulon_stratification,Fraction_of_edges_correctly_aligned
2607,MBNL1_code_potential_somatic,ENSG00000196482,2607,1.0,1.572649036656999,0.4543449801831537,2.881577974829384e-29,5.761120604101351,2.652428914711222,1.0
2571,MBNL1_code_potential_somatic,ENSG00000175745,2571,1.0,1.3637538238815576,-0.22355851247174663,1.2332456093366572e-07,-6.363079997581338,5.285744447023446,1.0
2562,MBNL1_code_potential_somatic,ENSG00000175745,2562,1.0,1.3637538238815576,-0.25441734505084174,1.5235209289417991e-09,-3.258812449956916,1.6298115529274964,1.0
3487,MBNL1_code_potential_somatic,ENSG00000129654,3487,1.0,1.4890871700777608,0.2500965995147821,2.923649799590827e-09,3.8872419264976177,1.6618917422110175,1.0
