,Mutation,Regulator,Regulon,MutationRegulatorEdge,-log10(p)_MutationRegulatorEdge,RegulatorRegulon_Spearman_R,RegulatorRegulon_Spearman_p-value,Regulon_stratification_t-statistic,-log10(p)_Regulon_stratification,Fraction_of_edges_correctly_aligned
960,MC2R_code_potential_somatic,ENSG00000101412,960,1.0,2.1081973635297566,0.6491518019355196,7.070099083657812e-67,5.625089512507309,3.0554194607853273,1.0
963,MC2R_code_potential_somatic,ENSG00000101412,963,1.0,2.1081973635297566,0.6513661348023898,1.8046161375597924e-67,7.77703196532086,2.17750584341584,1.0
948,MC2R_code_potential_somatic,ENSG00000001167,948,1.0,1.592828769337125,0.33278359659663453,1.2275265310019254e-15,4.6499519657311215,1.8598497807907775,1.0
946,MC2R_code_potential_somatic,ENSG00000001167,946,1.0,1.592828769337125,0.3569742005829587,6.510849095546955e-18,5.876032967495735,1.8125978562082823,1.0
949,MC2R_code_potential_somatic,ENSG00000001167,949,1.0,1.592828769337125,0.3478501312214809,4.9565070544709605e-17,3.9257936723064772,1.3413373922151464,1.0
916,MC2R_code_potential_somatic,ENSG00000101057,916,1.0,1.6983672456069363,0.8137042900539069,9.46897652452271e-131,5.973589374773881,1.8352213656493812,1.0
