,Mutation,Regulator,Regulon,MutationRegulatorEdge,-log10(p)_MutationRegulatorEdge,RegulatorRegulon_Spearman_R,RegulatorRegulon_Spearman_p-value,Regulon_stratification_t-statistic,-log10(p)_Regulon_stratification,Fraction_of_edges_correctly_aligned
2604,MECOM_code_potential_somatic,ENSG00000087903,2604,-1.0,2.1681330885377217,0.4409405624406941,1.786267814487868e-27,-4.415531601676982,2.3647262304321965,1.0
2597,MECOM_code_potential_somatic,ENSG00000087903,2597,-1.0,2.1681330885377217,0.5134481327144256,3.450302845570539e-38,-3.2069209860487167,1.4633866190526552,1.0
2601,MECOM_code_potential_somatic,ENSG00000087903,2601,-1.0,2.1681330885377217,0.4393491041201672,2.880696229003802e-27,-3.665233115566682,1.6976945944787392,1.0
2641,MECOM_code_potential_somatic,ENSG00000126767,2641,-1.0,1.4816322078491786,0.143583739547145,0.0007489126533620584,-3.6604673555531884,1.6747054733415885,1.0
1485,MECOM_code_potential_somatic,ENSG00000129194,1485,-1.0,2.1681330885377217,-0.2637203577671224,3.5923392638003295e-10,3.3729729960111827,1.6279615608479954,1.0
1496,MECOM_code_potential_somatic,ENSG00000129194,1496,-1.0,2.1681330885377217,0.27506153091946484,5.711289813643518e-11,-3.112021654827984,1.4443345993427328,1.0
1654,MECOM_code_potential_somatic,ENSG00000138795,1654,1.0,1.3541515384941227,-0.22618294208980322,8.68764148366594e-08,-2.941115551048642,1.3089804776172815,1.0
3436,MECOM_code_potential_somatic,ENSG00000172845,3436,-1.0,1.6747054733415885,0.22136765953977725,1.64681116854792e-07,-4.767081702380207,2.1681330885377217,1.0
