,Mutation,Regulator,Regulon,MutationRegulatorEdge,-log10(p)_MutationRegulatorEdge,RegulatorRegulon_Spearman_R,RegulatorRegulon_Spearman_p-value,Regulon_stratification_t-statistic,-log10(p)_Regulon_stratification,Fraction_of_edges_correctly_aligned
1319,MED12_code_potential_somatic,ENSG00000125952,1319,-1.0,1.466306334278737,0.3181409404238945,2.3548655987719866e-14,-3.7041756947267954,1.5487197006095188,1.0
1318,MED12_code_potential_somatic,ENSG00000125952,1318,-1.0,1.466306334278737,0.20678596369491634,1.04722012673564e-06,-4.9511354729959685,1.9399173496218574,1.0
2320,MED12_code_potential_somatic,ENSG00000135457,2320,-1.0,2.019256528818272,0.6147789272980276,2.8631235837696392e-58,-3.2640536809397425,1.3850413351589026,1.0
1242,MED12_code_potential_somatic,ENSG00000151702,1242,-1.0,2.4287017259757206,0.562027315914576,5.939088929213614e-47,-3.830577410143096,1.544028873434015,1.0
3595,MED12_code_potential_somatic,ENSG00000100219,3595,-1.0,1.6340243651597681,-0.3537741479645704,1.336852590284684e-17,3.1784648730029605,1.3329739409492882,1.0
130,MED12_code_potential_somatic,ENSG00000105967,130,-1.0,1.4858296411796095,0.8195316161333988,3.8518852246219126e-134,-2.9733087282338477,1.3205232260198263,1.0
2627,MED12_code_potential_somatic,ENSG00000157613,2627,-1.0,1.9317005916375447,0.24659451618099296,4.9149535845524324e-09,-4.21991379273712,1.9201452811232702,1.0
1515,MED12_code_potential_somatic,ENSG00000177426,1515,-1.0,1.6123803775705383,0.38089835835149566,2.3064622756032745e-20,-3.1334672167929924,1.3172732546803807,1.0
