,Mutation,Regulator,Regulon,MutationRegulatorEdge,-log10(p)_MutationRegulatorEdge,RegulatorRegulon_Spearman_R,RegulatorRegulon_Spearman_p-value,Regulon_stratification_t-statistic,-log10(p)_Regulon_stratification,Fraction_of_edges_correctly_aligned
572,MFSD9_code_potential_somatic,ENSG00000090447,572,1.0,1.4531361761586596,0.1503803056722929,0.00041183508976767,12.452281689189933,5.0674358069181284,1.0
2289,MFSD9_code_potential_somatic,ENSG00000118689,2289,1.0,2.387238530193111,0.6409212826432166,1.0255208479425349e-64,7.943478705563041,6.498404795645656,1.0
2941,MFSD9_code_potential_somatic,ENSG00000152977,2941,1.0,1.408602858538821,0.21946286805071405,2.1124899251442353e-07,6.173876925726964,5.609787223316219,1.0
