,Mutation,Regulator,Regulon,MutationRegulatorEdge,-log10(p)_MutationRegulatorEdge,RegulatorRegulon_Spearman_R,RegulatorRegulon_Spearman_p-value,Regulon_stratification_t-statistic,-log10(p)_Regulon_stratification,Fraction_of_edges_correctly_aligned
1313,MLL2_code_potential_somatic,ENSG00000125952,1313,-1.0,1.5374711370540608,0.6383058949876683,4.830752998599309e-64,-3.0845079506248747,1.4943823186306866,1.0
1309,MLL2_code_potential_somatic,ENSG00000125952,1309,-1.0,1.5374711370540608,0.45210191720960374,5.82270233160004e-29,-4.732440493697128,2.54990166338019,1.0
1308,MLL2_code_potential_somatic,ENSG00000125952,1308,-1.0,1.5374711370540608,0.293091131242117,2.5647925652965465e-12,-3.8111490015633605,1.8998189854832812,1.0
3400,MLL2_code_potential_somatic,ENSG00000170345,3400,-1.0,1.3213169938820535,0.41641598919397976,2.1440561900572415e-24,-2.8966761925147124,1.4274779303443261,1.0
40,MLL2_code_potential_somatic,ENSG00000125347,40,-1.0,2.024703956296467,0.7218787127191317,2.3911038311816783e-89,-2.7061634624381896,1.327278988308311,1.0
57,MLL2_code_potential_somatic,ENSG00000125347,57,-1.0,2.024703956296467,0.5910295564983017,6.458447969963658e-53,-3.448418426422137,1.654145057631914,1.0
46,MLL2_code_potential_somatic,ENSG00000125347,46,-1.0,2.024703956296467,0.6852481912975924,3.3187208614625384e-77,-2.8768820877501846,1.4019044086651324,1.0
783,MLL2_code_potential_somatic,ENSG00000115415,783,-1.0,2.1176684669565753,0.72549804988932,1.1812802619047889e-90,-3.972245905094428,1.9339578461629947,1.0
782,MLL2_code_potential_somatic,ENSG00000115415,782,-1.0,2.1176684669565753,0.30686422771395055,2.0568397797644438e-13,-2.828795642138022,1.3663116192467328,1.0
