,Mutation,Regulator,Regulon,MutationRegulatorEdge,-log10(p)_MutationRegulatorEdge,RegulatorRegulon_Spearman_R,RegulatorRegulon_Spearman_p-value,Regulon_stratification_t-statistic,-log10(p)_Regulon_stratification,Fraction_of_edges_correctly_aligned
2604,MLLT4_code_potential_somatic,ENSG00000087903,2604,1.0,1.3203022912936784,0.4409405624406941,1.786267814487868e-27,4.5710745234186465,1.8585279491667568,1.0
2597,MLLT4_code_potential_somatic,ENSG00000087903,2597,1.0,1.3203022912936784,0.5134481327144256,3.450302845570539e-38,4.375386756893423,1.7285246117634945,1.0
571,MLLT4_code_potential_somatic,ENSG00000090447,571,-1.0,1.8070820860180241,-0.2677949285819863,1.8738850665632585e-10,3.6463930096503008,1.550794154009212,1.0
1489,MLLT4_code_potential_somatic,ENSG00000129194,1489,1.0,1.3203022912936784,0.29701789513758986,1.2663666163298404e-12,4.7332337558718445,2.3027163381189637,1.0
1517,MLLT4_code_potential_somatic,ENSG00000177426,1517,1.0,1.5306446038055974,0.2950293925762717,1.8128171331153681e-12,3.2257339424547196,1.4445634966023528,1.0
1513,MLLT4_code_potential_somatic,ENSG00000177426,1513,1.0,1.5306446038055974,0.3842106333916613,1.0169407469529677e-20,4.823297880011596,3.3408542849438647,1.0
