,Mutation,Regulator,Regulon,MutationRegulatorEdge,-log10(p)_MutationRegulatorEdge,RegulatorRegulon_Spearman_R,RegulatorRegulon_Spearman_p-value,Regulon_stratification_t-statistic,-log10(p)_Regulon_stratification,Fraction_of_edges_correctly_aligned
1037,MMP13_code_potential_somatic,ENSG00000137203,1037,-1.0,1.785021316484731,0.188860127183953,8.542161780917127e-06,-4.507859158824102,2.405476483278807,1.0
1507,MMP13_code_potential_somatic,ENSG00000165495,1507,-1.0,2.1492963286400073,0.31968660557945966,1.737041989800858e-14,-2.685485343010021,1.3280735507586883,1.0
835,MMP13_code_potential_somatic,ENSG00000152284,835,-1.0,1.4847597196066749,0.5134336947420332,3.4694159806059647e-38,-3.2793845684763507,1.6248623183902262,1.0
1100,MMP13_code_potential_somatic,ENSG00000176887,1100,-1.0,1.8539141165413906,0.5747518364116476,1.6996917970202137e-49,-2.6986414222049397,1.3114671999368372,1.0
2158,MMP13_code_potential_somatic,ENSG00000124766,2158,-1.0,1.3877548078169564,0.7488274069467211,1.3197331325854062e-99,-3.7151139791038226,1.8090250959588945,1.0
1565,MMP13_code_potential_somatic,ENSG00000182568,1565,-1.0,1.515268006853816,0.6586203409009456,1.8979495177804281e-69,-3.2675182415217705,1.6428825047783522,1.0
2595,MMP13_code_potential_somatic,ENSG00000185630,2595,-1.0,1.3072964783696595,0.3189931453903091,1.9915734752037433e-14,-3.2534665539077996,1.7300417431110553,1.0
1257,MMP13_code_potential_somatic,ENSG00000073282,1257,-1.0,3.0246461509464098,0.2989050092053926,8.986478446110168e-13,-2.9164277106736445,1.4434204069473222,1.0
332,MMP13_code_potential_somatic,ENSG00000134532,332,-1.0,1.3612267434054635,0.4479079049867663,2.139328084858574e-28,-2.988689958172397,1.457660365811679,1.0
