,Mutation,Regulator,Regulon,MutationRegulatorEdge,-log10(p)_MutationRegulatorEdge,RegulatorRegulon_Spearman_R,RegulatorRegulon_Spearman_p-value,Regulon_stratification_t-statistic,-log10(p)_Regulon_stratification,Fraction_of_edges_correctly_aligned
2320,MUC5B_code_potential_somatic,ENSG00000135457,2320,-1.0,1.9131265029975146,0.6147789272980276,2.8631235837696392e-58,-2.3219011433180823,1.4164900684906285,1.0
3676,MUC5B_code_potential_somatic,ENSG00000170370,3676,-1.0,1.5323137265740525,-0.24996045964378896,2.9837283379059956e-09,2.2139087712909222,1.354175525909771,1.0
3363,MUC5B_code_potential_somatic,ENSG00000105516,3363,-1.0,1.6019838930480061,0.40384926552648986,6.51105186434234e-23,-2.6975281199630037,1.7236178814487308,1.0
3023,MUC5B_code_potential_somatic,ENSG00000166949,3023,-1.0,1.5222374452362113,0.32483294062777623,6.226768691874061e-15,-2.4108279760588465,1.5036979625384694,1.0
3035,MUC5B_code_potential_somatic,ENSG00000166949,3035,-1.0,1.5222374452362113,0.3979202902878312,3.100777797743687e-22,-2.7060637703133676,1.761303326975689,1.0
858,MUC5B_code_potential_somatic,ENSG00000113580,858,-1.0,1.3100570759599297,0.3615920183388501,2.272353627035004e-18,-3.5996454002057554,2.5099426308787955,1.0
841,MUC5B_code_potential_somatic,ENSG00000113580,841,-1.0,1.3100570759599297,0.5383941051654617,1.643079127810912e-42,-2.361470443806442,1.435220046245446,1.0
