,Mutation,Regulator,Regulon,MutationRegulatorEdge,-log10(p)_MutationRegulatorEdge,RegulatorRegulon_Spearman_R,RegulatorRegulon_Spearman_p-value,Regulon_stratification_t-statistic,-log10(p)_Regulon_stratification,Fraction_of_edges_correctly_aligned
1299,MX2_code_potential_somatic,ENSG00000131759,1299,1.0,1.3622073402601118,0.23503115867572297,2.5834410851221323e-08,3.474468372903182,1.5559635672064627,1.0
1576,MX2_code_potential_somatic,ENSG00000105866,1576,-1.0,1.3136678458218238,-0.2080037847905003,9.017529783655651e-07,4.68401457016752,2.2113903573907123,1.0
1551,MX2_code_potential_somatic,ENSG00000134323,1551,-1.0,1.3136678458218238,-0.436735976955246,6.279389245335047e-27,6.807211511292695,3.5942137259249156,1.0
2128,MX2_code_potential_somatic,ENSG00000078900,2128,-1.0,1.3112713918284105,-0.31110221012543754,9.208144077783281e-14,4.017345808880591,1.7860030467465726,1.0
1330,MX2_code_potential_somatic,ENSG00000116044,1330,1.0,1.3684522033963278,0.33238553148910843,1.3330057562902736e-15,4.09403138718278,1.7788489745985347,1.0
1331,MX2_code_potential_somatic,ENSG00000116044,1331,1.0,1.3684522033963278,0.4251115862030444,1.8542695957651335e-25,3.5773437785837814,1.794488354327179,1.0
1332,MX2_code_potential_somatic,ENSG00000116044,1332,1.0,1.3684522033963278,0.4814322935295206,3.855205234652517e-33,4.744891630973808,2.2060757137872486,1.0
1885,MX2_code_potential_somatic,ENSG00000118513,1885,-1.0,1.4530627208468434,-0.43684591039046755,6.0777015077199534e-27,3.7225648605535486,1.6442357413562763,1.0
