,Mutation,Regulator,Regulon,MutationRegulatorEdge,-log10(p)_MutationRegulatorEdge,RegulatorRegulon_Spearman_R,RegulatorRegulon_Spearman_p-value,Regulon_stratification_t-statistic,-log10(p)_Regulon_stratification,Fraction_of_edges_correctly_aligned
214,MXRA5_code_potential_somatic,ENSG00000136826,214,-1.0,1.4121133271683886,0.2645969906161201,3.1258888782178924e-10,-3.4738826118147514,2.1311751420012115,1.0
2957,MXRA5_code_potential_somatic,ENSG00000099326,2957,-1.0,1.5099819199769737,0.41592837948999983,2.4543388813726996e-24,-3.581844846389172,1.8929636706453075,1.0
2952,MXRA5_code_potential_somatic,ENSG00000099326,2952,-1.0,1.5099819199769737,0.6748517573892705,4.433728282902681e-74,-4.346938370942663,2.3219583861697646,1.0
1467,MXRA5_code_potential_somatic,ENSG00000087510,1467,-1.0,2.082329594053587,0.3621860031536285,1.9821152866970234e-18,-3.6432936223230947,2.2462033112011364,1.0
1420,MXRA5_code_potential_somatic,ENSG00000141448,1420,-1.0,1.551892943990776,0.10488064504379657,0.014035071029509717,-2.994740150477705,1.5561091372522118,1.0
1416,MXRA5_code_potential_somatic,ENSG00000141448,1416,-1.0,1.551892943990776,0.4673902354113108,4.338315352878638e-31,-4.238990405212121,2.750201400171684,1.0
1208,MXRA5_code_potential_somatic,ENSG00000172059,1208,-1.0,1.3494508908854226,0.16150272166717458,0.00014645591395207408,-2.629624001454986,1.382832138474543,1.0
1982,MXRA5_code_potential_somatic,ENSG00000179348,1982,-1.0,2.3247202507517524,0.2654395702676064,2.7334275585083713e-10,-2.9385281416515876,1.867751746399695,1.0
