,Mutation,Regulator,Regulon,MutationRegulatorEdge,-log10(p)_MutationRegulatorEdge,RegulatorRegulon_Spearman_R,RegulatorRegulon_Spearman_p-value,Regulon_stratification_t-statistic,-log10(p)_Regulon_stratification,Fraction_of_edges_correctly_aligned
3752,MYH2_code_potential_somatic,ENSG00000163666,3752,-1.0,1.3748724552431206,0.1961916274781449,3.7048899709859986e-06,-2.9371884016243754,1.759326065658517,1.0
366,MYH2_code_potential_somatic,ENSG00000163497,366,-1.0,1.8353828367609006,0.2894018731355593,4.928790824080555e-12,-3.3457685469224403,2.0703808074649737,1.0
1580,MYH2_code_potential_somatic,ENSG00000105866,1580,-1.0,2.1298808998635645,-0.16683930252342943,8.70086169584507e-05,2.4655903975468654,1.339148221723471,1.0
3577,MYH2_code_potential_somatic,ENSG00000134138,3577,-1.0,1.3081777108093036,0.6019454657365405,2.5430605829568647e-55,-2.7333000786245094,1.5052455087806322,1.0
1548,MYH2_code_potential_somatic,ENSG00000123364,1548,-1.0,1.5069334526908755,0.45285051907844587,4.607026336387008e-29,-2.691241740107214,1.5474802219058041,1.0
3576,MYH2_code_potential_somatic,ENSG00000180818,3576,-1.0,1.3624492885064976,0.2742174023630191,6.568531010436897e-11,-3.4363913155431485,2.0464835021325154,1.0
3399,MYH2_code_potential_somatic,ENSG00000120149,3399,-1.0,1.8090243694895587,0.12252588389376366,0.004071887528659675,-3.789863503397341,3.1671222306907536,1.0
3398,MYH2_code_potential_somatic,ENSG00000120149,3398,-1.0,1.8090243694895587,0.19005162450158916,7.473825507774001e-06,-3.09093489831439,1.9391865560752468,1.0
2351,MYH2_code_potential_somatic,ENSG00000155959,2351,-1.0,1.4090609957572402,0.6798362850601185,1.4597848425820899e-75,-3.3560903119719345,1.9310184122679788,1.0
