,Mutation,Regulator,Regulon,MutationRegulatorEdge,-log10(p)_MutationRegulatorEdge,RegulatorRegulon_Spearman_R,RegulatorRegulon_Spearman_p-value,Regulon_stratification_t-statistic,-log10(p)_Regulon_stratification,Fraction_of_edges_correctly_aligned
1540,MYO18B_code_potential_somatic,ENSG00000113916,1540,1.0,1.7455784546282744,0.2776491364160155,3.7089803866898246e-11,4.482163267140494,1.3962642735085469,1.0
1538,MYO18B_code_potential_somatic,ENSG00000113916,1538,1.0,1.7455784546282744,0.6841581243819654,7.158883160947051e-77,6.649830498374541,2.062497390712534,1.0
2220,MYO18B_code_potential_somatic,ENSG00000187140,2220,-1.0,2.001132591172442,-0.30682851893321017,2.0707013152406406e-13,4.615927104584034,1.5044450045393907,1.0
