,Mutation,Regulator,Regulon,MutationRegulatorEdge,-log10(p)_MutationRegulatorEdge,RegulatorRegulon_Spearman_R,RegulatorRegulon_Spearman_p-value,Regulon_stratification_t-statistic,-log10(p)_Regulon_stratification,Fraction_of_edges_correctly_aligned
2091,MYO1D_code_potential_somatic,ENSG00000030419,2091,-1.0,2.839493014412269,0.3559231453604123,8.253762843512768e-18,-9.146130690722718,3.422120537423872,1.0
560,MYO1D_code_potential_somatic,ENSG00000181449,560,-1.0,3.7307954740920706,0.7759856705311577,2.31757765165303e-111,-6.234014185215365,2.4064345637185776,1.0
1548,MYO1D_code_potential_somatic,ENSG00000123364,1548,-1.0,1.916006183002846,0.45285051907844587,4.607026336387008e-29,-4.133724063706094,1.4322018027665375,1.0
2579,MYO1D_code_potential_somatic,ENSG00000196767,2579,-1.0,1.6210855141590172,-0.2676199957750701,1.927417416791905e-10,6.558048835131159,2.0992587443116446,1.0
2577,MYO1D_code_potential_somatic,ENSG00000196767,2577,-1.0,1.6210855141590172,0.21614869711518375,3.2408662166958257e-07,-13.646089436650078,23.360864903293475,1.0
742,MYO1D_code_potential_somatic,ENSG00000196628,742,-1.0,1.9566734631733027,0.47882602075553327,9.418682893511253e-33,-4.243807376544878,1.400612203959071,0.5
1254,MYO1D_code_potential_somatic,ENSG00000089220,1254,-1.0,1.4004851733831754,0.14300337680840164,0.0007872211168986471,-6.058312092997246,1.860604659523404,1.0
