,Mutation,Regulator,Regulon,MutationRegulatorEdge,-log10(p)_MutationRegulatorEdge,RegulatorRegulon_Spearman_R,RegulatorRegulon_Spearman_p-value,Regulon_stratification_t-statistic,-log10(p)_Regulon_stratification,Fraction_of_edges_correctly_aligned
887,MYO5B_code_potential_somatic,ENSG00000139083,887,1.0,3.6708083359251087,-0.2978660166370652,1.0857836483659426e-12,-3.83921988043033,1.3048221430330256,1.0
1079,MYO5B_code_potential_somatic,ENSG00000163848,1079,1.0,1.3930858851693402,0.3841071612561824,1.043439722072115e-20,4.941049739839324,1.6575530954904416,1.0
1089,MYO5B_code_potential_somatic,ENSG00000163848,1089,1.0,1.3930858851693402,0.43989147603256473,2.448426008212381e-27,4.200475484568577,2.440729610569456,1.0
2297,MYO5B_code_potential_somatic,ENSG00000118689,2297,1.0,1.6140903263401236,0.35153217877680776,2.2022956862609567e-17,4.10884301378462,1.494944026693217,1.0
2284,MYO5B_code_potential_somatic,ENSG00000118689,2284,1.0,1.6140903263401236,0.4971650166178875,1.4860743483863024e-35,8.34503384758376,14.14380374089105,1.0
1499,MYO5B_code_potential_somatic,ENSG00000185591,1499,1.0,1.35792703699873,-0.16352469407358422,0.00012046067361968546,-3.622306285376996,1.3276458637768758,1.0
1355,MYO5B_code_potential_somatic,ENSG00000182944,1355,1.0,3.090261472475909,0.23269570726267202,3.5751049855888325e-08,4.412660769149235,1.6091968358359003,1.0
860,MYO5B_code_potential_somatic,ENSG00000084093,860,1.0,1.3428998542694108,-0.12416466667935458,0.003599783690111188,-4.234365116778486,1.6598271894548944,1.0
2353,MYO5B_code_potential_somatic,ENSG00000155959,2353,-1.0,2.1388358645841765,0.5774814882224429,4.679188468862829e-50,-3.429011492113756,2.8762678226734684,1.0
