,Mutation,Regulator,Regulon,MutationRegulatorEdge,-log10(p)_MutationRegulatorEdge,RegulatorRegulon_Spearman_R,RegulatorRegulon_Spearman_p-value,Regulon_stratification_t-statistic,-log10(p)_Regulon_stratification,Fraction_of_edges_correctly_aligned
1925,MYO7B_code_potential_somatic,ENSG00000006468,1925,-1.0,1.3328838511543357,0.15387422207220344,0.0002998472316952456,-3.402496053613301,1.3608646753145162,1.0
3639,MYO7B_code_potential_somatic,ENSG00000076604,3639,-1.0,1.595937704132534,-0.3930013168451689,1.1054459076174069e-21,4.4623715685010215,1.9637753530365578,1.0
3513,MYO7B_code_potential_somatic,ENSG00000106004,3513,-1.0,1.3937882383871851,0.2663213605718773,2.374164686437784e-10,-2.4880764590334006,1.6389148959765367,1.0
