,Mutation,Regulator,Regulon,MutationRegulatorEdge,-log10(p)_MutationRegulatorEdge,RegulatorRegulon_Spearman_R,RegulatorRegulon_Spearman_p-value,Regulon_stratification_t-statistic,-log10(p)_Regulon_stratification,Fraction_of_edges_correctly_aligned
2204,N_CADHERIN_SIGNALING_EVENTS_PID_NCI_NATURE_nonsilent_somatic,ENSG00000169083,2204,1.0,1.32222680237496,0.1620925638827412,0.00013837408926734533,2.1283285679454758,1.4156307490191309,1.0
2811,N_CADHERIN_SIGNALING_EVENTS_PID_NCI_NATURE_nonsilent_somatic,ENSG00000277615,2811,1.0,1.5307361984499337,0.24881767225321408,3.537595533144135e-09,2.1479096876847694,1.4311919271870917,1.0
2818,N_CADHERIN_SIGNALING_EVENTS_PID_NCI_NATURE_nonsilent_somatic,ENSG00000277615,2818,1.0,1.5307361984499337,0.19634840344099175,3.6380346839514152e-06,2.1778552809184317,1.4618208311014695,1.0
3399,N_CADHERIN_SIGNALING_EVENTS_PID_NCI_NATURE_nonsilent_somatic,ENSG00000120149,3399,-1.0,2.0653697879164215,0.12252588389376366,0.004071887528659675,-2.234026681455643,1.5466178513023119,1.0
3398,N_CADHERIN_SIGNALING_EVENTS_PID_NCI_NATURE_nonsilent_somatic,ENSG00000120149,3398,-1.0,2.0653697879164215,0.19005162450158916,7.473825507774001e-06,-3.4029179338470144,2.9226309234298817,1.0
3126,N_CADHERIN_SIGNALING_EVENTS_PID_NCI_NATURE_nonsilent_somatic,ENSG00000156273,3126,1.0,1.5972636762665344,0.43720630484378664,5.460383802447342e-27,3.3936246846028397,2.847122901677021,1.0
