,Mutation,Regulator,Regulon,MutationRegulatorEdge,-log10(p)_MutationRegulatorEdge,RegulatorRegulon_Spearman_R,RegulatorRegulon_Spearman_p-value,Regulon_stratification_t-statistic,-log10(p)_Regulon_stratification,Fraction_of_edges_correctly_aligned
1178,NBPF9_code_potential_somatic,ENSG00000198911,1178,-1.0,1.3171091098252832,0.34028485244501594,2.538462751185916e-16,-3.6585764191871295,1.9373118116850319,1.0
1100,NBPF9_code_potential_somatic,ENSG00000176887,1100,-1.0,1.3599426665844119,0.5747518364116476,1.6996917970202137e-49,-3.074005998571942,1.5982949945836917,1.0
196,NBPF9_code_potential_somatic,ENSG00000125820,196,-1.0,1.4232977311476753,0.6110351173052444,2.1427077529094173e-57,-2.8800710173949904,1.4838156279982628,1.0
40,NBPF9_code_potential_somatic,ENSG00000125347,40,1.0,2.196008325595613,0.7218787127191317,2.3911038311816783e-89,3.5805711232976156,1.8909027499055895,1.0
