,Mutation,Regulator,Regulon,MutationRegulatorEdge,-log10(p)_MutationRegulatorEdge,RegulatorRegulon_Spearman_R,RegulatorRegulon_Spearman_p-value,Regulon_stratification_t-statistic,-log10(p)_Regulon_stratification,Fraction_of_edges_correctly_aligned
3609,NBPF10_code_potential_somatic,ENSG00000166478,3609,-1.0,1.401592863698878,0.3589601509774399,4.149001907520129e-18,-2.198343331741571,1.3377139833008835,1.0
3574,NBPF10_code_potential_somatic,ENSG00000253293,3574,-1.0,1.3971974169711787,0.29086017283127985,3.811496087124064e-12,-2.1867625836024733,1.3294432451346474,1.0
956,NBPF10_code_potential_somatic,ENSG00000129173,956,-1.0,1.696236942074003,0.7719811749257338,1.5861341031969156e-109,-2.9133924727781215,1.9333567001342293,1.0
3576,NBPF10_code_potential_somatic,ENSG00000180818,3576,-1.0,1.3863689785604583,0.2742174023630191,6.568531010436897e-11,-2.1670730892284866,1.3121128851160953,1.0
916,NBPF10_code_potential_somatic,ENSG00000101057,916,-1.0,1.9785041462144846,0.8137042900539069,9.46897652452271e-131,-3.1218853939547997,2.119123022985783,1.0
3459,NBPF10_code_potential_somatic,ENSG00000278129,3459,-1.0,1.68432562863346,0.2533305594925767,1.7969894084824001e-09,-2.582799456061702,1.6740211585076785,1.0
1610,NBPF10_code_potential_somatic,ENSG00000112592,1610,-1.0,1.5859699748902583,0.5617391398191477,6.761613417344139e-47,-2.670369593649532,1.7320855311855734,1.0
1599,NBPF10_code_potential_somatic,ENSG00000112592,1599,-1.0,1.5859699748902583,0.37298591196614056,1.5711650529272394e-19,-2.9599589548634326,1.9788565068767971,1.0
1875,NBPF10_code_potential_somatic,ENSG00000118513,1875,-1.0,1.5346158657053186,0.37999052307517084,2.8821468727292314e-20,-2.6186311058977734,1.685597269279903,1.0
