,Mutation,Regulator,Regulon,MutationRegulatorEdge,-log10(p)_MutationRegulatorEdge,RegulatorRegulon_Spearman_R,RegulatorRegulon_Spearman_p-value,Regulon_stratification_t-statistic,-log10(p)_Regulon_stratification,Fraction_of_edges_correctly_aligned
1440,NCAPG_code_potential_somatic,ENSG00000221869,1440,1.0,1.538083502921537,0.7210168824377889,4.8594174980191e-89,3.2129473286338084,1.3772079069631404,1.0
571,NCAPG_code_potential_somatic,ENSG00000090447,571,-1.0,1.7576148723568967,-0.2677949285819863,1.8738850665632585e-10,9.009427869083138,2.7786775705119005,1.0
3403,NCAPG_code_potential_somatic,ENSG00000170345,3403,-1.0,6.663531787047255,0.34933979454473607,3.57439566177241e-17,-2.800081792298402,1.3834234634930158,0.5
2912,NCAPG_code_potential_somatic,ENSG00000109381,2912,1.0,1.3801857432686422,0.28459905130854335,1.1373979078807612e-11,2.946214938603732,2.101296859620545,1.0
2469,NCAPG_code_potential_somatic,ENSG00000109906,2469,1.0,1.3393680265348862,0.08371573907433785,0.05014796834426995,6.553780058372779,1.8600836763877424,0.5
