,Mutation,Regulator,Regulon,MutationRegulatorEdge,-log10(p)_MutationRegulatorEdge,RegulatorRegulon_Spearman_R,RegulatorRegulon_Spearman_p-value,Regulon_stratification_t-statistic,-log10(p)_Regulon_stratification,Fraction_of_edges_correctly_aligned
1438,NPHS1_code_potential_somatic,ENSG00000221869,1438,1.0,1.5487258077761488,0.49272796519311113,7.33827605604778e-35,4.2546864970344265,1.7409746096042047,0.5
3717,NPHS1_code_potential_somatic,ENSG00000163435,3717,-1.0,1.5131028776839546,0.32730183390687817,3.779874815497097e-15,-8.791503662306425,2.5332266559324714,1.0
3712,NPHS1_code_potential_somatic,ENSG00000163435,3712,-1.0,1.5131028776839546,0.23974326076647987,1.3273277728038533e-08,-4.210349309315161,1.6329246670967985,1.0
3735,NPHS1_code_potential_somatic,ENSG00000124813,3735,-1.0,1.6463082890756429,0.5087771569692713,2.0327063980921514e-37,-5.572822564226593,1.7834712941238156,0.5
