,Mutation,Regulator,Regulon,MutationRegulatorEdge,-log10(p)_MutationRegulatorEdge,RegulatorRegulon_Spearman_R,RegulatorRegulon_Spearman_p-value,Regulon_stratification_t-statistic,-log10(p)_Regulon_stratification,Fraction_of_edges_correctly_aligned
1035,OGDH_code_potential_somatic,ENSG00000137203,1035,-1.0,1.508813335216549,0.38751189765490146,4.4541864144617496e-21,-8.151269156746633,3.121873147335963,1.0
1296,OGDH_code_potential_somatic,ENSG00000131759,1296,-1.0,1.3323922629315796,0.34687556808499326,6.13264242440569e-17,-3.4903956627867085,1.412740594182921,1.0
195,OGDH_code_potential_somatic,ENSG00000125820,195,-1.0,1.741756763853605,0.38131078851236166,2.0839315407084115e-20,-3.518488991334571,1.3123503686918658,1.0
196,OGDH_code_potential_somatic,ENSG00000125820,196,-1.0,1.741756763853605,0.6110351173052444,2.1427077529094173e-57,-4.183114510562723,1.991635104328325,1.0
3638,OGDH_code_potential_somatic,ENSG00000076604,3638,-1.0,1.4422731963183533,-0.32362707825680004,7.932812879565234e-15,3.7219502672519957,1.555425619098634,1.0
