,Mutation,Regulator,Regulon,MutationRegulatorEdge,-log10(p)_MutationRegulatorEdge,RegulatorRegulon_Spearman_R,RegulatorRegulon_Spearman_p-value,Regulon_stratification_t-statistic,-log10(p)_Regulon_stratification,Fraction_of_edges_correctly_aligned
2812,OR10H1_code_potential_somatic,ENSG00000277615,2812,1.0,3.194471853082228,0.3966994065920428,4.259492822468993e-22,8.93111586934966,2.748754576951278,1.0
980,OR10H1_code_potential_somatic,ENSG00000066136,980,1.0,1.9651098201240276,0.39893087543624745,2.381773231041821e-22,4.681256691145512,1.5247256623047112,1.0
975,OR10H1_code_potential_somatic,ENSG00000066136,975,1.0,1.9651098201240276,0.45642149604082355,1.495516009088608e-29,10.333323821700237,3.466732133628699,1.0
