,Mutation,Regulator,Regulon,MutationRegulatorEdge,-log10(p)_MutationRegulatorEdge,RegulatorRegulon_Spearman_R,RegulatorRegulon_Spearman_p-value,Regulon_stratification_t-statistic,-log10(p)_Regulon_stratification,Fraction_of_edges_correctly_aligned
1450,OR4A47_code_potential_somatic,ENSG00000007372,1450,-1.0,1.824989612262869,-0.35638997313443355,7.429257244852286e-18,6.0090424875023185,8.169351250841546,1.0
783,OR4A47_code_potential_somatic,ENSG00000115415,783,-1.0,1.983436392337518,0.72549804988932,1.1812802619047889e-90,-12.503727967600993,7.088710596313336,1.0
1210,OR4A47_code_potential_somatic,ENSG00000172059,1210,-1.0,6.457090005966502,0.33848462687721903,3.7199880531825568e-16,-4.450956670034819,1.467533333867267,1.0
