,Mutation,Regulator,Regulon,MutationRegulatorEdge,-log10(p)_MutationRegulatorEdge,RegulatorRegulon_Spearman_R,RegulatorRegulon_Spearman_p-value,Regulon_stratification_t-statistic,-log10(p)_Regulon_stratification,Fraction_of_edges_correctly_aligned
218,OR4N2_code_potential_somatic,ENSG00000136826,218,-1.0,1.4451251460691976,0.31678253139511575,3.0724253688617685e-14,-14.638474186098762,17.18266394216673,1.0
3526,OR4N2_code_potential_somatic,ENSG00000153234,3526,-1.0,1.954302210141296,0.28253318163253655,1.6218199881278203e-11,-2.955799402487788,1.3512604708297717,1.0
3524,OR4N2_code_potential_somatic,ENSG00000153234,3524,-1.0,1.954302210141296,0.1809503788035398,2.0306353461396608e-05,-8.500856783828034,4.009946095386059,1.0
3522,OR4N2_code_potential_somatic,ENSG00000153234,3522,-1.0,1.954302210141296,0.17118411134680978,5.626856667007211e-05,-4.1269976494976355,1.3354228973799518,1.0
1470,OR4N2_code_potential_somatic,ENSG00000087510,1470,-1.0,1.3161546821949248,0.22247778739014765,1.4228685801076825e-07,-5.226265839077196,1.7411109881920832,1.0
1477,OR4N2_code_potential_somatic,ENSG00000087510,1477,-1.0,1.3161546821949248,0.13434414246872228,0.0016213704893200856,-5.791270427755391,2.4066201205118154,1.0
1475,OR4N2_code_potential_somatic,ENSG00000087510,1475,-1.0,1.3161546821949248,0.3591236935088842,3.997301619713854e-18,-3.283096233479508,1.350833341936749,1.0
1235,OR4N2_code_potential_somatic,ENSG00000110777,1235,-1.0,4.123997185181056,0.36754829584680226,5.697930515715456e-19,-4.675774408495982,1.6994289981144197,1.0
