,Mutation,Regulator,Regulon,MutationRegulatorEdge,-log10(p)_MutationRegulatorEdge,RegulatorRegulon_Spearman_R,RegulatorRegulon_Spearman_p-value,Regulon_stratification_t-statistic,-log10(p)_Regulon_stratification,Fraction_of_edges_correctly_aligned
3516,OR5M3_code_potential_somatic,ENSG00000105991,3516,-1.0,1.8743405547830756,0.204880772040821,1.320900086403999e-06,-5.120795512777252,2.536268172318652,1.0
3514,OR5M3_code_potential_somatic,ENSG00000105991,3514,-1.0,1.8743405547830756,0.28755586192906624,6.8100213599091565e-12,-5.021928293749278,2.3788388847768718,1.0
3364,OR5M3_code_potential_somatic,ENSG00000105516,3364,-1.0,3.447225079396451,0.11321390213402713,0.00798386347266414,-3.6812736493550138,1.808450037972521,1.0
975,OR5M3_code_potential_somatic,ENSG00000066136,975,-1.0,1.7432680692810665,0.45642149604082355,1.495516009088608e-29,-3.5970383153064267,1.5822139092925671,1.0
977,OR5M3_code_potential_somatic,ENSG00000066136,977,-1.0,1.7432680692810665,0.41230138581930065,6.661055322068451e-24,-4.60429776634645,1.9061110945132962,1.0
2882,OR5M3_code_potential_somatic,ENSG00000118260,2882,-1.0,1.4310522983679843,0.41798950942759494,1.3840726698935e-24,-3.1376773660763,1.338418406153539,1.0
