,Mutation,Regulator,Regulon,MutationRegulatorEdge,-log10(p)_MutationRegulatorEdge,RegulatorRegulon_Spearman_R,RegulatorRegulon_Spearman_p-value,Regulon_stratification_t-statistic,-log10(p)_Regulon_stratification,Fraction_of_edges_correctly_aligned
1507,OR6V1_code_potential_somatic,ENSG00000165495,1507,1.0,1.4442048420050564,0.31968660557945966,1.737041989800858e-14,4.6626388820256075,1.43226991590802,1.0
1683,OR6V1_code_potential_somatic,ENSG00000105997,1683,-1.0,3.9025924911481837,-0.3613915756893783,2.3794402024027917e-18,3.9956162905872876,1.315317383021908,1.0
8,OR6V1_code_potential_somatic,ENSG00000126351,8,1.0,1.3464498818162494,0.21840459384197147,2.4236115008115624e-07,5.215106422197276,1.7044379140397508,1.0
16,OR6V1_code_potential_somatic,ENSG00000126351,16,1.0,1.3464498818162494,0.3602612456309639,3.0830998499870427e-18,7.958423391660608,2.6829939640344103,1.0
2356,OR6V1_code_potential_somatic,ENSG00000155959,2356,1.0,3.253159680523421,0.1364572147094938,0.001364402506278304,3.857857394376624,2.2109159782341457,1.0
2353,OR6V1_code_potential_somatic,ENSG00000155959,2353,1.0,3.253159680523421,0.5774814882224429,4.679188468862829e-50,6.446197019771919,1.9390984330365488,1.0
2351,OR6V1_code_potential_somatic,ENSG00000155959,2351,1.0,3.253159680523421,0.6798362850601185,1.4597848425820899e-75,8.554861601444845,4.467329877488494,1.0
