,Mutation,Regulator,Regulon,MutationRegulatorEdge,-log10(p)_MutationRegulatorEdge,RegulatorRegulon_Spearman_R,RegulatorRegulon_Spearman_p-value,Regulon_stratification_t-statistic,-log10(p)_Regulon_stratification,Fraction_of_edges_correctly_aligned
1297,OR8H2_code_potential_somatic,ENSG00000131759,1297,1.0,1.4730960753890152,0.28504961813386004,1.0522915896791589e-11,3.5901101927299903,1.7402023105228062,1.0
3398,OR8H2_code_potential_somatic,ENSG00000120149,3398,1.0,2.234445953699109,0.19005162450158916,7.473825507774001e-06,3.9424690350902107,1.6526172565243487,1.0
