,Mutation,Regulator,Regulon,MutationRegulatorEdge,-log10(p)_MutationRegulatorEdge,RegulatorRegulon_Spearman_R,RegulatorRegulon_Spearman_p-value,Regulon_stratification_t-statistic,-log10(p)_Regulon_stratification,Fraction_of_edges_correctly_aligned
1035,PCDH19_code_potential_somatic,ENSG00000137203,1035,-1.0,1.3230827541926575,0.38751189765490146,4.4541864144617496e-21,-5.743703970326577,4.573880910171492,1.0
2098,PCDH19_code_potential_somatic,ENSG00000105856,2098,1.0,1.8454548216454196,0.38110100039835687,2.1943428122448814e-20,4.898245807413141,3.176505869298144,1.0
3398,PCDH19_code_potential_somatic,ENSG00000120149,3398,-1.0,2.5653582296898025,0.19005162450158916,7.473825507774001e-06,-2.6710698183399217,1.4799091227457888,1.0
