,Mutation,Regulator,Regulon,MutationRegulatorEdge,-log10(p)_MutationRegulatorEdge,RegulatorRegulon_Spearman_R,RegulatorRegulon_Spearman_p-value,Regulon_stratification_t-statistic,-log10(p)_Regulon_stratification,Fraction_of_edges_correctly_aligned
1583,PCDHA2_code_potential_somatic,ENSG00000105866,1583,-1.0,1.4519787029157218,-0.18440426264363505,1.397546363172393e-05,9.424110348105879,11.874360182912346,1.0
1482,PCDHA2_code_potential_somatic,ENSG00000129194,1482,1.0,1.755198363688404,0.3566725344628204,6.970169558178879e-18,6.9708215349383815,2.992010968390286,1.0
2968,PCDHA2_code_potential_somatic,ENSG00000143799,2968,-1.0,1.3766275969096946,0.2596828298309219,6.772258356924157e-10,-4.780317042295072,1.66852728202546,0.5
3566,PCDHA2_code_potential_somatic,ENSG00000025156,3566,-1.0,1.4091139842415878,0.04881405546821069,0.2539620674111088,-2.910860163167544,1.4242109877391236,1.0
1167,PCDHA2_code_potential_somatic,ENSG00000162702,1167,-1.0,1.4908483748738013,0.5290373511074983,7.569855971612138e-41,-4.129856934433624,1.6509787738106487,1.0
1609,PCDHA2_code_potential_somatic,ENSG00000112592,1609,-1.0,2.3312705084267082,0.30923241978156807,1.3147911933229386e-13,-4.458996263957957,1.4988339588253745,1.0
2485,PCDHA2_code_potential_somatic,ENSG00000106511,2485,1.0,5.283485059143647,0.563785904703403,2.6838864980021504e-47,3.7263064234447625,1.332107856499059,1.0
