,Mutation,Regulator,Regulon,MutationRegulatorEdge,-log10(p)_MutationRegulatorEdge,RegulatorRegulon_Spearman_R,RegulatorRegulon_Spearman_p-value,Regulon_stratification_t-statistic,-log10(p)_Regulon_stratification,Fraction_of_edges_correctly_aligned
2816,PCLO_code_potential_somatic,ENSG00000277615,2816,1.0,1.3069192521464303,0.4503918195906806,9.920017737330212e-29,2.7862440947560865,2.0416752661374007,1.0
2457,PCLO_code_potential_somatic,ENSG00000071794,2457,-1.0,1.4531471522108037,0.39612341899644865,4.945513996166504e-22,-2.973427099042742,2.2086058854888067,1.0
2129,PCLO_code_potential_somatic,ENSG00000175592,2129,1.0,1.412216874378338,0.5905505512425152,8.195221638736938e-53,2.240006431751807,1.4800643287476534,1.0
1875,PCLO_code_potential_somatic,ENSG00000118513,1875,-1.0,1.7454368390541488,0.37999052307517084,2.8821468727292314e-20,-3.1556987133157577,2.3994570591574282,1.0
1879,PCLO_code_potential_somatic,ENSG00000118513,1879,-1.0,1.7454368390541488,0.29512098428618094,1.7832183105853961e-12,-2.4358107092856462,1.6493543931715078,1.0
