,Mutation,Regulator,Regulon,MutationRegulatorEdge,-log10(p)_MutationRegulatorEdge,RegulatorRegulon_Spearman_R,RegulatorRegulon_Spearman_p-value,Regulon_stratification_t-statistic,-log10(p)_Regulon_stratification,Fraction_of_edges_correctly_aligned
1037,PCMTD1_code_potential_somatic,ENSG00000137203,1037,-1.0,1.762229103649182,0.188860127183953,8.542161780917127e-06,-3.7886204631745906,1.5411802289730978,1.0
366,PCMTD1_code_potential_somatic,ENSG00000163497,366,-1.0,2.950523306467354,0.2894018731355593,4.928790824080555e-12,-3.326934513931254,1.587428251055298,1.0
2640,PCMTD1_code_potential_somatic,ENSG00000126767,2640,-1.0,2.5346252342567803,0.3679243817758663,5.2162881321656205e-19,-3.4662412794069235,1.45846743782486,1.0
2542,PCMTD1_code_potential_somatic,ENSG00000177732,2542,-1.0,1.5658176434958753,-0.2418786952185592,9.770008925715401e-09,2.4772001703566326,1.5093153344220165,1.0
1106,PCMTD1_code_potential_somatic,ENSG00000176887,1106,-1.0,2.0632325036897803,-0.3353333571049445,7.218892446396115e-16,2.4772001703566326,1.5093153344220165,1.0
196,PCMTD1_code_potential_somatic,ENSG00000125820,196,-1.0,2.948448470582493,0.6110351173052444,2.1427077529094173e-57,-3.574486855479196,1.5679004342424474,1.0
2,PCMTD1_code_potential_somatic,ENSG00000147862,2,-1.0,1.678528698628814,0.24885281923651273,3.5191623201939226e-09,-4.416081893361261,1.8189664085557815,1.0
2510,PCMTD1_code_potential_somatic,ENSG00000128652,2510,-1.0,2.057847519367538,-0.3302851995394446,2.055269424284233e-15,3.298139219343929,1.5263538735923747,1.0
