,Mutation,Regulator,Regulon,MutationRegulatorEdge,-log10(p)_MutationRegulatorEdge,RegulatorRegulon_Spearman_R,RegulatorRegulon_Spearman_p-value,Regulon_stratification_t-statistic,-log10(p)_Regulon_stratification,Fraction_of_edges_correctly_aligned
3574,PHF12_code_potential_somatic,ENSG00000253293,3574,1.0,1.3815012092050827,0.29086017283127985,3.811496087124064e-12,3.1861210891281075,1.6086041897986565,1.0
2568,PHF12_code_potential_somatic,ENSG00000175745,2568,1.0,2.4837383763291534,0.41538542422518226,2.8522150457957134e-24,5.670767064264892,1.7969637680061643,1.0
3452,PHF12_code_potential_somatic,ENSG00000278129,3452,1.0,1.4218171348484312,0.48057994272500104,5.1675749515157946e-33,3.9980796865329147,1.3974480006621959,1.0
