,Mutation,Regulator,Regulon,MutationRegulatorEdge,-log10(p)_MutationRegulatorEdge,RegulatorRegulon_Spearman_R,RegulatorRegulon_Spearman_p-value,Regulon_stratification_t-statistic,-log10(p)_Regulon_stratification,Fraction_of_edges_correctly_aligned
31,PPEF2_code_potential_somatic,ENSG00000261678,31,-1.0,1.550682398057364,-0.23690966716517176,1.984404634231846e-08,2.5192467800917133,1.3381535655855195,1.0
221,PPEF2_code_potential_somatic,ENSG00000020633,221,1.0,1.306693127175808,0.6379715611320159,5.8828214436437776e-64,2.9859984556138084,1.5834769927776629,1.0
163,PPEF2_code_potential_somatic,ENSG00000178573,163,1.0,1.61485800414748,0.4531010540667795,4.2591906544578275e-29,2.981893347120227,1.57788159616002,1.0
166,PPEF2_code_potential_somatic,ENSG00000178573,166,1.0,1.61485800414748,0.5169340280185626,9.020489212937334e-39,2.872544791195297,1.3589642417828955,1.0
154,PPEF2_code_potential_somatic,ENSG00000178573,154,1.0,1.61485800414748,0.6056710459662019,3.657733594393192e-56,2.661681085242408,1.3531698728095223,1.0
290,PPEF2_code_potential_somatic,ENSG00000245848,290,1.0,1.3124251544998773,0.6844355813766781,5.888470078524959e-77,2.7150214842976506,1.4216373928004893,1.0
598,PPEF2_code_potential_somatic,ENSG00000066336,598,1.0,1.3743147851528243,0.842991717051909,3.817184459638388e-149,3.028331542812786,1.6738873772898284,1.0
