,Mutation,Regulator,Regulon,MutationRegulatorEdge,-log10(p)_MutationRegulatorEdge,RegulatorRegulon_Spearman_R,RegulatorRegulon_Spearman_p-value,Regulon_stratification_t-statistic,-log10(p)_Regulon_stratification,Fraction_of_edges_correctly_aligned
2108,PPL_code_potential_somatic,ENSG00000069667,2108,-1.0,1.575893327786333,0.4641315191364751,1.2586947641370024e-30,-8.189580163109033,4.871878612226652,1.0
117,PPL_code_potential_somatic,ENSG00000196843,117,-1.0,1.5357707030961971,0.3881891698143999,3.75587017565155e-21,-4.04573369641223,1.361470637300266,1.0
129,PPL_code_potential_somatic,ENSG00000196843,129,-1.0,1.5357707030961971,0.35362189298297775,1.3831236173598629e-17,-9.223719679063665,2.5397470054202462,1.0
1467,PPL_code_potential_somatic,ENSG00000087510,1467,-1.0,2.2565786910933334,0.3621860031536285,1.9821152866970234e-18,-4.863429390139376,1.5248193807011485,0.5
3589,PPL_code_potential_somatic,ENSG00000100219,3589,-1.0,1.3273755645524112,0.5402038831291346,7.72438309390268e-43,-7.645075494231808,6.652202055586835,1.0
