,Mutation,Regulator,Regulon,MutationRegulatorEdge,-log10(p)_MutationRegulatorEdge,RegulatorRegulon_Spearman_R,RegulatorRegulon_Spearman_p-value,Regulon_stratification_t-statistic,-log10(p)_Regulon_stratification,Fraction_of_edges_correctly_aligned
167,PREX1_code_potential_somatic,ENSG00000178573,167,1.0,1.322986849853468,0.3452116282262944,8.80613792687681e-17,2.8454333969264236,1.3768255604663142,1.0
156,PREX1_code_potential_somatic,ENSG00000178573,156,1.0,1.322986849853468,0.32717787151765043,3.8762285888200216e-15,3.8562175466172546,2.0225221117562735,1.0
3011,PREX1_code_potential_somatic,ENSG00000157554,3011,1.0,2.8485205984554294,0.14389597892989395,0.0007290239167428797,3.5150121180266365,1.8435554685244997,1.0
3010,PREX1_code_potential_somatic,ENSG00000157554,3010,1.0,2.8485205984554294,0.16510835005549504,0.00010320003456396402,2.8311004072889348,1.4418493358690425,1.0
3481,PREX1_code_potential_somatic,ENSG00000203883,3481,1.0,2.3482124188147027,0.29219918539209705,3.0061923892346764e-12,2.7386200141779558,1.3772408405042158,1.0
501,PREX1_code_potential_somatic,ENSG00000068305,501,1.0,3.4058884096743363,-0.4576396817316701,1.0157288404906929e-29,-2.5796217597013946,1.6161614898003844,1.0
850,PREX1_code_potential_somatic,ENSG00000113580,850,1.0,1.3671866908972978,0.38885484784455293,3.175065307044252e-21,7.091969224981972,5.033879957958057,1.0
