,Mutation,Regulator,Regulon,MutationRegulatorEdge,-log10(p)_MutationRegulatorEdge,RegulatorRegulon_Spearman_R,RegulatorRegulon_Spearman_p-value,Regulon_stratification_t-statistic,-log10(p)_Regulon_stratification,Fraction_of_edges_correctly_aligned
1928,RET_code_potential_somatic,ENSG00000006468,1928,1.0,1.3893109770349987,0.4411584445695249,1.672807099539624e-27,7.016519046634519,2.4711913768550184,1.0
1927,RET_code_potential_somatic,ENSG00000006468,1927,1.0,1.3893109770349987,0.4984914141826245,9.177637982013544e-36,3.2309980126229556,2.565308328580285,1.0
2950,RET_code_potential_somatic,ENSG00000099326,2950,1.0,1.3153732500430706,0.3406215926294005,2.3626796039625614e-16,4.3888796966413555,2.0090532398970278,1.0
564,RET_code_potential_somatic,ENSG00000181449,564,1.0,1.4660070140108798,0.20745062085833454,9.652454875272727e-07,4.146371828685467,1.328993093272611,1.0
561,RET_code_potential_somatic,ENSG00000181449,561,1.0,1.4660070140108798,0.35285930553206957,1.6396659545587892e-17,8.169357327652325,2.219669359913954,1.0
3735,RET_code_potential_somatic,ENSG00000124813,3735,-1.0,1.7485100826106037,0.5087771569692713,2.0327063980921514e-37,-3.600504020097848,1.5626599162056494,1.0
3733,RET_code_potential_somatic,ENSG00000124813,3733,-1.0,1.7485100826106037,-0.3057120337656048,2.553411961339597e-13,4.1140508356484125,1.3338187936951476,1.0
