,Mutation,Regulator,Regulon,MutationRegulatorEdge,-log10(p)_MutationRegulatorEdge,RegulatorRegulon_Spearman_R,RegulatorRegulon_Spearman_p-value,Regulon_stratification_t-statistic,-log10(p)_Regulon_stratification,Fraction_of_edges_correctly_aligned
2336,RGS9_code_potential_somatic,ENSG00000198914,2336,1.0,1.4530972715926187,-0.33604971387657595,6.213086664934287e-16,-3.008163751574439,1.4993521859574865,1.0
3040,RGS9_code_potential_somatic,ENSG00000183734,3040,-1.0,5.785987692993893,-0.26506586012361094,2.901186024188211e-10,8.98915273201069,3.9135112938942465,1.0
2452,RGS9_code_potential_somatic,ENSG00000160199,2452,1.0,1.3101471184083178,-0.2776344796864656,3.718108094517221e-11,-3.8682521531572793,2.0796876073887436,1.0
3748,RGS9_code_potential_somatic,ENSG00000128713,3748,1.0,1.6496730617768747,0.38202481270608896,1.7476344049928133e-20,7.744745893148388,2.351712831099599,1.0
3726,RGS9_code_potential_somatic,ENSG00000124813,3726,-1.0,3.344673081163699,-0.38100204924413206,2.248403276524276e-20,8.122535578772347,4.377325470909192,1.0
1236,RGS9_code_potential_somatic,ENSG00000110777,1236,-1.0,1.838231013829633,0.3683191597506944,4.753848317408781e-19,-8.262373181134635,3.0668669152108867,1.0
