,Mutation,Regulator,Regulon,MutationRegulatorEdge,-log10(p)_MutationRegulatorEdge,RegulatorRegulon_Spearman_R,RegulatorRegulon_Spearman_p-value,Regulon_stratification_t-statistic,-log10(p)_Regulon_stratification,Fraction_of_edges_correctly_aligned
2358,RYR2_code_potential_somatic,ENSG00000148516,2358,1.0,1.6134592232080314,-0.47289697259782226,6.985546911952625e-32,-2.2381064313667034,1.5303954731557934,1.0
560,RYR2_code_potential_somatic,ENSG00000181449,560,1.0,2.0054182529429494,0.7759856705311577,2.31757765165303e-111,2.832739257012921,2.1876215586398478,1.0
107,RYR2_code_potential_somatic,ENSG00000057657,107,-1.0,1.547871796355416,0.4791201762132656,8.518674804720277e-33,-2.077287714725082,1.3470483448505959,1.0
702,RYR2_code_potential_somatic,ENSG00000168310,702,-1.0,1.4697921798983677,0.3898865795181903,2.445377762276364e-21,-2.0787602384056556,1.3558580805455571,1.0
716,RYR2_code_potential_somatic,ENSG00000168310,716,-1.0,1.4697921798983677,0.532708314966847,1.708690346240468e-41,-2.029508028872714,1.302004841648711,1.0
63,RYR2_code_potential_somatic,ENSG00000166888,63,-1.0,1.4117317773905242,-0.4154600204158764,2.793990905848387e-24,2.4808358495731975,1.795280614980133,1.0
1253,RYR2_code_potential_somatic,ENSG00000089220,1253,-1.0,1.6761510241962088,0.2657955610818475,2.582430391060707e-10,-3.1416550094777174,2.5677768864671373,0.5
1467,RYR2_code_potential_somatic,ENSG00000087510,1467,-1.0,1.3853086570430548,0.3621860031536285,1.9821152866970234e-18,-3.1906683019346733,2.631095627544824,1.0
1982,RYR2_code_potential_somatic,ENSG00000179348,1982,-1.0,1.431967792675247,0.2654395702676064,2.7334275585083713e-10,-2.1471751249331064,1.428503866609208,1.0
