,Mutation,Regulator,Regulon,MutationRegulatorEdge,-log10(p)_MutationRegulatorEdge,RegulatorRegulon_Spearman_R,RegulatorRegulon_Spearman_p-value,Regulon_stratification_t-statistic,-log10(p)_Regulon_stratification,Fraction_of_edges_correctly_aligned
959,SALL3_code_potential_somatic,ENSG00000101412,959,-1.0,1.6284721719463817,0.7769628587535349,8.154332160431679e-112,-4.835524612704329,1.608385134199433,1.0
3040,SALL3_code_potential_somatic,ENSG00000183734,3040,1.0,1.6100577399346059,-0.26506586012361094,2.901186024188211e-10,-3.829737459572498,1.362529628408646,1.0
3438,SALL3_code_potential_somatic,ENSG00000175832,3438,-1.0,1.479420788036569,0.2747895428536886,5.974839450953323e-11,-4.031514271944489,1.4629428691199167,1.0
2592,SALL3_code_potential_somatic,ENSG00000185630,2592,-1.0,1.610057276011192,0.2908792776230314,3.798643919702454e-12,-4.7125297426836905,4.349894187979413,1.0
2594,SALL3_code_potential_somatic,ENSG00000185630,2594,-1.0,1.610057276011192,0.4522632870727573,5.53633587571199e-29,-4.115630631832417,1.6055722225566897,1.0
916,SALL3_code_potential_somatic,ENSG00000101057,916,-1.0,1.59204082843874,0.8137042900539069,9.46897652452271e-131,-4.024678964736028,1.3791860029555136,1.0
2486,SALL3_code_potential_somatic,ENSG00000106511,2486,-1.0,1.3589135539929549,0.2676479237721726,1.9187721407399875e-10,-4.010814642862277,1.492644762607539,1.0
