,Mutation,Regulator,Regulon,MutationRegulatorEdge,-log10(p)_MutationRegulatorEdge,RegulatorRegulon_Spearman_R,RegulatorRegulon_Spearman_p-value,Regulon_stratification_t-statistic,-log10(p)_Regulon_stratification,Fraction_of_edges_correctly_aligned
1178,SATL1_code_potential_somatic,ENSG00000198911,1178,-1.0,1.9105256401804351,0.34028485244501594,2.538462751185916e-16,-4.252100124906463,1.335449438042905,1.0
2918,SATL1_code_potential_somatic,ENSG00000162419,2918,-1.0,8.86476085076736,0.5140835493377967,2.7049308769963784e-38,-4.271258583407226,1.377414490184788,1.0
804,SATL1_code_potential_somatic,ENSG00000126561,804,-1.0,1.5470463170352164,-0.17788063253194566,2.8140438561071734e-05,3.6107146824756917,1.3775952471540152,1.0
2757,SATL1_code_potential_somatic,ENSG00000157557,2757,-1.0,2.6765372475225835,0.24424243922397504,6.93602730163172e-09,-4.143539112138333,1.4586400612446422,1.0
414,SATL1_code_potential_somatic,ENSG00000109320,414,-1.0,1.3250834965695555,0.2681308666567934,1.7751145014296234e-10,-3.2467689342278447,1.333685601325429,1.0
418,SATL1_code_potential_somatic,ENSG00000109320,418,-1.0,1.3250834965695555,0.6785677123040037,3.5024457586996866e-75,-6.922112457007144,2.2615348245282605,1.0
1618,SATL1_code_potential_somatic,ENSG00000181690,1618,-1.0,2.13787288962889,0.30900316228054925,1.3732428709727968e-13,-4.980080133252436,1.6374619758930629,1.0
