,Mutation,Regulator,Regulon,MutationRegulatorEdge,-log10(p)_MutationRegulatorEdge,RegulatorRegulon_Spearman_R,RegulatorRegulon_Spearman_p-value,Regulon_stratification_t-statistic,-log10(p)_Regulon_stratification,Fraction_of_edges_correctly_aligned
3244,SCN5A_code_potential_somatic,ENSG00000025434,3244,-1.0,1.385081949320499,0.23516102750820214,2.536933644560716e-08,-2.4992871613252587,1.3024019173191874,1.0
3278,SCN5A_code_potential_somatic,ENSG00000137309,3278,-1.0,2.500850298057607,0.2931512165413662,2.537451904370406e-12,-3.104447587597357,1.7687955237877058,1.0
3281,SCN5A_code_potential_somatic,ENSG00000137309,3281,-1.0,2.500850298057607,0.36842015841372483,4.642180239440188e-19,-2.652119993073484,1.4277968871796702,1.0
3594,SCN5A_code_potential_somatic,ENSG00000100219,3594,-1.0,1.6543451875319237,0.47314591824301255,6.42693368277548e-32,-2.800936595680105,1.5010904374297005,1.0
