,Mutation,Regulator,Regulon,MutationRegulatorEdge,-log10(p)_MutationRegulatorEdge,RegulatorRegulon_Spearman_R,RegulatorRegulon_Spearman_p-value,Regulon_stratification_t-statistic,-log10(p)_Regulon_stratification,Fraction_of_edges_correctly_aligned
2200,SEL1L2_code_potential_somatic,ENSG00000169083,2200,1.0,1.9899059006644544,0.4223688818818541,4.044150961655349e-25,5.666993524695729,2.887283733637838,1.0
2203,SEL1L2_code_potential_somatic,ENSG00000169083,2203,1.0,1.9899059006644544,0.4748926212262841,3.574342057785658e-32,6.592064337636744,1.856677954395704,1.0
2207,SEL1L2_code_potential_somatic,ENSG00000169083,2207,1.0,1.9899059006644544,0.40309790760966463,7.948869748237142e-23,4.196771411755383,1.5092497081673666,1.0
3676,SEL1L2_code_potential_somatic,ENSG00000170370,3676,1.0,4.946653792079484,-0.24996045964378896,2.9837283379059956e-09,-4.178619715663319,2.0731385447912216,1.0
3363,SEL1L2_code_potential_somatic,ENSG00000105516,3363,1.0,1.6779322275312012,0.40384926552648986,6.51105186434234e-23,3.4457569466007265,1.3412480716710522,1.0
2558,SEL1L2_code_potential_somatic,ENSG00000175745,2558,1.0,1.8163395260279533,0.2940616109116653,2.1564585201837476e-12,6.326735915969493,2.2804681078937983,1.0
3487,SEL1L2_code_potential_somatic,ENSG00000129654,3487,1.0,5.190664246690914,0.2500965995147821,2.923649799590827e-09,5.158816022447182,1.6212060314435452,1.0
852,SEL1L2_code_potential_somatic,ENSG00000113580,852,1.0,1.4277462137948103,0.33480957955093094,8.053936466756273e-16,6.843382862376677,2.0932922776880662,1.0
839,SEL1L2_code_potential_somatic,ENSG00000113580,839,1.0,1.4277462137948103,0.2903503957353438,4.170576972448733e-12,6.271142754005286,2.0093450891570646,1.0
