,Mutation,Regulator,Regulon,MutationRegulatorEdge,-log10(p)_MutationRegulatorEdge,RegulatorRegulon_Spearman_R,RegulatorRegulon_Spearman_p-value,Regulon_stratification_t-statistic,-log10(p)_Regulon_stratification,Fraction_of_edges_correctly_aligned
1806,SETD1A_code_potential_somatic,ENSG00000281306,1806,1.0,29.75587114529007,0.19046660682929223,7.1326137492965334e-06,6.676354520062773,2.766779847269429,1.0
1807,SETD1A_code_potential_somatic,ENSG00000281306,1807,1.0,29.75587114529007,0.263323896878751,3.8249225043729997e-10,3.623473513735896,1.8233417313849754,1.0
1813,SETD1A_code_potential_somatic,ENSG00000281306,1813,1.0,29.75587114529007,0.5686354592080978,2.928966155671868e-48,4.257766336702733,2.2362269446154834,1.0
897,SETD1A_code_potential_somatic,ENSG00000154727,897,1.0,1.568470094659086,0.2641254231036872,3.3689461255496257e-10,3.6737390924300346,1.4703017619968661,1.0
1614,SETD1A_code_potential_somatic,ENSG00000112592,1614,1.0,1.4616950915926235,0.4340156587831692,1.4031616743668187e-26,5.467678056765379,2.9619500434526476,1.0
2393,SETD1A_code_potential_somatic,ENSG00000092067,2393,-1.0,1.310115562108717,-0.10969667284974915,0.010174872037970795,3.8880189553813795,1.8472354102397617,1.0
