,Mutation,Regulator,Regulon,MutationRegulatorEdge,-log10(p)_MutationRegulatorEdge,RegulatorRegulon_Spearman_R,RegulatorRegulon_Spearman_p-value,Regulon_stratification_t-statistic,-log10(p)_Regulon_stratification,Fraction_of_edges_correctly_aligned
1036,SHB_code_potential_somatic,ENSG00000137203,1036,-1.0,3.5635527143722676,-0.2227410898933683,1.3742325448913637e-07,5.0009117321089525,1.571779507478194,1.0
1497,SHB_code_potential_somatic,ENSG00000171532,1497,-1.0,2.676304523420501,-0.26971126669775786,1.3745321258473617e-10,4.970908208559884,1.491609481449139,1.0
197,SHB_code_potential_somatic,ENSG00000125820,197,-1.0,1.7393610200380631,0.28945443933743714,4.883454663200465e-12,-4.783865126268824,2.357879141881988,1.0
2158,SHB_code_potential_somatic,ENSG00000124766,2158,-1.0,1.6076598354324418,0.7488274069467211,1.3197331325854062e-99,-3.1611941865140336,1.4684623209030447,0.3333333333333333
1560,SHB_code_potential_somatic,ENSG00000182568,1560,-1.0,1.3286032072303944,-0.21042097846138905,6.683721043737998e-07,5.025379246055011,2.090792104578599,1.0
1568,SHB_code_potential_somatic,ENSG00000182568,1568,-1.0,1.3286032072303944,0.5572102833072904,5.106351011928883e-46,-2.4984591614314384,1.7468573499618392,1.0
