,Mutation,Regulator,Regulon,MutationRegulatorEdge,-log10(p)_MutationRegulatorEdge,RegulatorRegulon_Spearman_R,RegulatorRegulon_Spearman_p-value,Regulon_stratification_t-statistic,-log10(p)_Regulon_stratification,Fraction_of_edges_correctly_aligned
221,SIGLEC6_code_potential_somatic,ENSG00000020633,221,1.0,1.4397662733568306,0.6379715611320159,5.8828214436437776e-64,2.384820254974164,1.6937474277929465,1.0
170,SIGLEC6_code_potential_somatic,ENSG00000178573,170,1.0,2.0605186550086794,0.4816011740550803,3.6374284235023134e-33,4.330337125120604,1.3604013520002676,0.5
113,SIGLEC6_code_potential_somatic,ENSG00000057657,113,-1.0,2.9062691553148365,0.48237695985448864,2.783612097846488e-33,-3.7501801897445786,1.6407988832192049,0.5
290,SIGLEC6_code_potential_somatic,ENSG00000245848,290,1.0,1.4401015755735163,0.6844355813766781,5.888470078524959e-77,2.7811887779402356,1.6574131136881778,1.0
3299,SIGLEC6_code_potential_somatic,ENSG00000105722,3299,-1.0,3.2582442680433688,0.394976621057987,6.65207405108731e-22,-4.00251558321189,1.431677563905576,1.0
1235,SIGLEC6_code_potential_somatic,ENSG00000110777,1235,-1.0,1.7854514915366728,0.36754829584680226,5.697930515715456e-19,-3.6379191430377635,1.3759556241086803,1.0
1186,SIGLEC6_code_potential_somatic,ENSG00000100811,1186,1.0,2.2662258433589058,0.4036442900699491,6.875636328881652e-23,3.9171184010029374,1.4397229216468792,0.5
