,Mutation,Regulator,Regulon,MutationRegulatorEdge,-log10(p)_MutationRegulatorEdge,RegulatorRegulon_Spearman_R,RegulatorRegulon_Spearman_p-value,Regulon_stratification_t-statistic,-log10(p)_Regulon_stratification,Fraction_of_edges_correctly_aligned
3052,SLC17A6_code_potential_somatic,ENSG00000124782,3052,-1.0,2.678831953278114,-0.33779743772658233,4.301413147830727e-16,7.1527488631079965,3.7760937135995305,1.0
2089,SLC17A6_code_potential_somatic,ENSG00000030419,2089,-1.0,2.29704989983401,-0.23865611061295247,1.5496989846009427e-08,3.934026761464552,1.4940130595187868,1.0
946,SLC17A6_code_potential_somatic,ENSG00000001167,946,1.0,1.5623472773634073,0.3569742005829587,6.510849095546955e-18,6.909793379724081,2.865077577521367,1.0
3446,SLC17A6_code_potential_somatic,ENSG00000140044,3446,-1.0,2.319898019928206,-0.3685890389392845,4.461204743516978e-19,10.227914006716087,13.117830523172943,1.0
3442,SLC17A6_code_potential_somatic,ENSG00000140044,3442,-1.0,2.319898019928206,-0.18654873905822275,1.1043333527813612e-05,6.467117029140259,1.7599063793524723,1.0
3499,SLC17A6_code_potential_somatic,ENSG00000108813,3499,-1.0,1.6295797937160552,-0.3648753994675776,1.0638107496360162e-18,4.220391501272087,1.346033694603229,1.0
916,SLC17A6_code_potential_somatic,ENSG00000101057,916,1.0,1.8352116429182717,0.8137042900539069,9.46897652452271e-131,3.963486145830792,1.3875970911675939,1.0
915,SLC17A6_code_potential_somatic,ENSG00000189298,915,1.0,2.229304679640187,0.24889008087233355,3.49972188991028e-09,4.036665091230709,1.3613808377572074,1.0
