,Mutation,Regulator,Regulon,MutationRegulatorEdge,-log10(p)_MutationRegulatorEdge,RegulatorRegulon_Spearman_R,RegulatorRegulon_Spearman_p-value,Regulon_stratification_t-statistic,-log10(p)_Regulon_stratification,Fraction_of_edges_correctly_aligned
963,SLC28A3_code_potential_somatic,ENSG00000101412,963,1.0,1.5223306177840266,0.6513661348023898,1.8046161375597924e-67,5.846330897970296,1.8875224546981255,1.0
959,SLC28A3_code_potential_somatic,ENSG00000101412,959,1.0,1.5223306177840266,0.7769628587535349,8.154332160431679e-112,5.32643565381063,1.6036762019101396,1.0
3302,SLC28A3_code_potential_somatic,ENSG00000006704,3302,1.0,16.476799239748154,0.560984427625908,9.491054619532947e-47,8.903702958295893,2.3816261578827334,1.0
256,SLC28A3_code_potential_somatic,ENSG00000177606,256,-1.0,1.3958993074967312,0.27005352331371596,1.300185557905563e-10,-3.830465659656834,1.5682255421829674,1.0
242,SLC28A3_code_potential_somatic,ENSG00000177606,242,-1.0,1.3958993074967312,0.4134308290232705,4.8874770622916165e-24,-4.571433993851055,1.5167007115047362,1.0
916,SLC28A3_code_potential_somatic,ENSG00000101057,916,1.0,1.7034621093706805,0.8137042900539069,9.46897652452271e-131,4.863004985176573,1.4926241503630013,1.0
845,SLC28A3_code_potential_somatic,ENSG00000113580,845,1.0,2.873519897019653,0.3139160834418552,5.3617867239676764e-14,6.179365287664682,1.8912723379603251,1.0
