,Mutation,Regulator,Regulon,MutationRegulatorEdge,-log10(p)_MutationRegulatorEdge,RegulatorRegulon_Spearman_R,RegulatorRegulon_Spearman_p-value,Regulon_stratification_t-statistic,-log10(p)_Regulon_stratification,Fraction_of_edges_correctly_aligned
2607,SLC2A14_code_potential_somatic,ENSG00000196482,2607,-1.0,1.5981671444464145,0.4543449801831537,2.881577974829384e-29,-10.193746901590702,4.198232840411994,1.0
2640,SLC2A14_code_potential_somatic,ENSG00000126767,2640,-1.0,1.6505134701662607,0.3679243817758663,5.2162881321656205e-19,-5.896195715826195,2.0422594850325306,1.0
714,SLC2A14_code_potential_somatic,ENSG00000168310,714,-1.0,1.3544135002550006,0.5354803327471371,5.485993446753296e-42,-4.7484663527314055,1.4282550687480973,0.6666666666666666
721,SLC2A14_code_potential_somatic,ENSG00000168310,721,-1.0,1.3544135002550006,0.29651482659448264,1.3870363683253478e-12,-3.77426437884017,1.3545023613665614,0.6666666666666666
1417,SLC2A14_code_potential_somatic,ENSG00000141448,1417,1.0,1.4177978620553793,-0.192812089331174,5.466614965350945e-06,-5.352523824013749,1.596061889327762,1.0
1301,SLC2A14_code_potential_somatic,ENSG00000197905,1301,1.0,1.4675702094879604,0.4110989506437914,9.249744444527794e-24,4.9293331288342195,1.5547096929565432,0.5
2180,SLC2A14_code_potential_somatic,ENSG00000133794,2180,-1.0,1.6948219145269812,0.20124280316296603,2.0454119964390767e-06,-4.0173778983005235,1.3288819134741094,1.0
