,Mutation,Regulator,Regulon,MutationRegulatorEdge,-log10(p)_MutationRegulatorEdge,RegulatorRegulon_Spearman_R,RegulatorRegulon_Spearman_p-value,Regulon_stratification_t-statistic,-log10(p)_Regulon_stratification,Fraction_of_edges_correctly_aligned
3750,SLC4A1_code_potential_somatic,ENSG00000163666,3750,-1.0,2.546827928808928,0.19375642280129188,4.9068906131440965e-06,-3.3184461296062797,1.7370099323727217,1.0
1697,SLC4A1_code_potential_somatic,ENSG00000105997,1697,1.0,1.981769824562197,-0.184887797468261,1.3255894838537305e-05,-4.585480655964333,2.0734497491040904,1.0
3669,SLC4A1_code_potential_somatic,ENSG00000198517,3669,1.0,3.180468915272446,-0.2741466155679115,6.64586917121238e-11,-7.356001848029219,3.716435518185411,1.0
2132,SLC4A1_code_potential_somatic,ENSG00000175592,2132,1.0,1.5480501298447715,0.45086644970331796,8.55900065237079e-29,3.433780845073432,1.6929510116833217,1.0
1204,SLC4A1_code_potential_somatic,ENSG00000100811,1204,-1.0,1.6852118778789869,0.49941901744931055,6.5434422067206e-36,-3.4685173595127248,1.4393386527047525,1.0
