,Mutation,Regulator,Regulon,MutationRegulatorEdge,-log10(p)_MutationRegulatorEdge,RegulatorRegulon_Spearman_R,RegulatorRegulon_Spearman_p-value,Regulon_stratification_t-statistic,-log10(p)_Regulon_stratification,Fraction_of_edges_correctly_aligned
1313,SLC4A4_code_potential_somatic,ENSG00000125952,1313,1.0,1.473169386271551,0.6383058949876683,4.830752998599309e-64,3.5309297686796897,2.653257125510352,1.0
835,SLC4A4_code_potential_somatic,ENSG00000152284,835,-1.0,3.83802144074732,0.5134336947420332,3.4694159806059647e-38,-3.3207619719351746,1.9830511417712557,1.0
3363,SLC4A4_code_potential_somatic,ENSG00000105516,3363,-1.0,1.362396534904061,0.40384926552648986,6.51105186434234e-23,-4.7332722777136045,1.6386104857979018,1.0
3216,SLC4A4_code_potential_somatic,ENSG00000171634,3216,-1.0,1.7343326204061125,0.5292690149372491,6.894890492686315e-41,-4.403158505237027,1.4430862829229572,1.0
7,SLC4A4_code_potential_somatic,ENSG00000126351,7,-1.0,1.531965337795793,0.5924389359447688,3.1973683806405464e-53,-4.675997878862336,1.6636721699070394,1.0
3010,SLC4A4_code_potential_somatic,ENSG00000157554,3010,1.0,1.3372090165934003,0.16510835005549504,0.00010320003456396402,4.412690525990885,1.5649850177811269,1.0
2208,SLC4A4_code_potential_somatic,ENSG00000187140,2208,-1.0,1.4219533737304184,-0.38940352372950876,2.7637120623036622e-21,3.5612467342683147,1.3890077880680836,0.3333333333333333
