,Mutation,Regulator,Regulon,MutationRegulatorEdge,-log10(p)_MutationRegulatorEdge,RegulatorRegulon_Spearman_R,RegulatorRegulon_Spearman_p-value,Regulon_stratification_t-statistic,-log10(p)_Regulon_stratification,Fraction_of_edges_correctly_aligned
1311,SLC4A10_code_potential_somatic,ENSG00000125952,1311,1.0,3.2810080950147205,0.4344864971050772,1.2215048897877538e-26,4.073588963331194,1.4073087407333673,1.0
1333,SLC4A10_code_potential_somatic,ENSG00000116044,1333,1.0,1.7814809339584787,0.3009090016163966,6.225806099418255e-13,8.80974398280267,4.242579425362531,1.0
1331,SLC4A10_code_potential_somatic,ENSG00000116044,1331,1.0,1.7814809339584787,0.4251115862030444,1.8542695957651335e-25,10.68384196797353,8.505847725322562,1.0
