,Mutation,Regulator,Regulon,MutationRegulatorEdge,-log10(p)_MutationRegulatorEdge,RegulatorRegulon_Spearman_R,RegulatorRegulon_Spearman_p-value,Regulon_stratification_t-statistic,-log10(p)_Regulon_stratification,Fraction_of_edges_correctly_aligned
3752,SLC5A4_code_potential_somatic,ENSG00000163666,3752,-1.0,5.0389496763535675,0.1961916274781449,3.7048899709859986e-06,-2.7509494972896262,1.4460069844339158,1.0
366,SLC5A4_code_potential_somatic,ENSG00000163497,366,-1.0,1.3612958869771115,0.2894018731355593,4.928790824080555e-12,-3.3527589933590685,1.6173965870031872,1.0
367,SLC5A4_code_potential_somatic,ENSG00000163497,367,-1.0,1.3612958869771115,-0.2748689275683561,5.896715648202729e-11,7.437021953205039,7.567667400115398,1.0
104,SLC5A4_code_potential_somatic,ENSG00000057657,104,1.0,2.798011785225828,0.40473180481873894,5.1473728401887207e-23,2.6698770125725657,1.4028493151862822,1.0
108,SLC5A4_code_potential_somatic,ENSG00000057657,108,1.0,2.798011785225828,0.3942166586929683,8.09091190283462e-22,4.826372609319516,2.3527003487992713,1.0
109,SLC5A4_code_potential_somatic,ENSG00000057657,109,1.0,2.798011785225828,0.38778133355384053,4.162238320481003e-21,7.9481819037761126,3.3097724447609007,1.0
