,Mutation,Regulator,Regulon,MutationRegulatorEdge,-log10(p)_MutationRegulatorEdge,RegulatorRegulon_Spearman_R,RegulatorRegulon_Spearman_p-value,Regulon_stratification_t-statistic,-log10(p)_Regulon_stratification,Fraction_of_edges_correctly_aligned
1306,SORCS1_code_potential_somatic,ENSG00000125952,1306,-1.0,1.977337269103187,0.38295555066025655,1.3884699359410425e-20,-3.2936693855689803,1.5079508216760424,1.0
892,SORCS1_code_potential_somatic,ENSG00000154727,892,-1.0,1.3397556765438072,0.33724084659894965,4.837035515018521e-16,-4.079815626774665,1.3572885600066382,1.0
2535,SORCS1_code_potential_somatic,ENSG00000177732,2535,-1.0,1.5086610042948478,0.2885142939937233,5.759408803257556e-12,-14.277271120000412,31.192605703261794,1.0
1653,SORCS1_code_potential_somatic,ENSG00000138795,1653,-1.0,1.572967745199343,0.37896031577449846,3.708196675501109e-20,-3.6951683091041425,1.5136574511008387,1.0
3091,SORCS1_code_potential_somatic,ENSG00000119725,3091,-1.0,2.0283222957723006,0.1270128848694935,0.0028958951079676026,-2.972286547087829,1.4240532899827714,1.0
