,Mutation,Regulator,Regulon,MutationRegulatorEdge,-log10(p)_MutationRegulatorEdge,RegulatorRegulon_Spearman_R,RegulatorRegulon_Spearman_p-value,Regulon_stratification_t-statistic,-log10(p)_Regulon_stratification,Fraction_of_edges_correctly_aligned
1538,SPTA1_code_potential_somatic,ENSG00000113916,1538,-1.0,1.5634092566915232,0.6841581243819654,7.158883160947051e-77,-2.129835284590627,1.374899280565507,1.0
1772,SPTA1_code_potential_somatic,ENSG00000197063,1772,-1.0,1.3835638983612708,0.5323513032858711,1.976415977689214e-41,-2.2456379896459424,1.4912411319878054,1.0
2684,SPTA1_code_potential_somatic,ENSG00000102034,2684,-1.0,1.4844020691160327,0.4983912324900616,9.518575163682427e-36,-2.349874664351169,1.5906321470694762,1.0
3748,SPTA1_code_potential_somatic,ENSG00000128713,3748,1.0,1.4957060744301314,0.38202481270608896,1.7476344049928133e-20,2.67418471677532,1.8983800515150415,1.0
3762,SPTA1_code_potential_somatic,ENSG00000123388,3762,1.0,1.3407964299772674,0.36996947054604434,3.2203666637106646e-19,2.67418471677532,1.8983800515150415,1.0
411,SPTA1_code_potential_somatic,ENSG00000109320,411,-1.0,1.4234656443826772,0.7727425956718023,7.149457807593363e-110,-2.2428693271653457,1.48833938872592,1.0
418,SPTA1_code_potential_somatic,ENSG00000109320,418,-1.0,1.4234656443826772,0.6785677123040037,3.5024457586996866e-75,-2.1303611373227067,1.382045157000675,1.0
697,SPTA1_code_potential_somatic,ENSG00000188786,697,-1.0,1.3804274808800459,0.48189970465596177,3.28186069069828e-33,-2.129835284590627,1.374899280565507,1.0
686,SPTA1_code_potential_somatic,ENSG00000188786,686,-1.0,1.3804274808800459,0.38035270508173613,2.637218332487282e-20,-2.0523527592458897,1.3046819179008937,1.0
