,Mutation,Regulator,Regulon,MutationRegulatorEdge,-log10(p)_MutationRegulatorEdge,RegulatorRegulon_Spearman_R,RegulatorRegulon_Spearman_p-value,Regulon_stratification_t-statistic,-log10(p)_Regulon_stratification,Fraction_of_edges_correctly_aligned
3278,SPTBN5_code_potential_somatic,ENSG00000137309,3278,1.0,2.617122960211899,0.2931512165413662,2.537451904370406e-12,3.185385215185731,1.5397569574508256,1.0
3279,SPTBN5_code_potential_somatic,ENSG00000137309,3279,1.0,2.617122960211899,0.3323390820526742,1.3458795360021517e-15,3.526649173310956,2.1542712544004887,1.0
975,SPTBN5_code_potential_somatic,ENSG00000066136,975,1.0,1.480611738095192,0.45642149604082355,1.495516009088608e-29,3.180238570467943,1.5653089401179947,1.0
981,SPTBN5_code_potential_somatic,ENSG00000066136,981,1.0,1.480611738095192,0.1837544080478717,1.5001226498224728e-05,2.629677244562354,1.4988755961337699,1.0
977,SPTBN5_code_potential_somatic,ENSG00000066136,977,1.0,1.480611738095192,0.41230138581930065,6.661055322068451e-24,4.464889269167314,2.072440668820589,1.0
