,Mutation,Regulator,Regulon,MutationRegulatorEdge,-log10(p)_MutationRegulatorEdge,RegulatorRegulon_Spearman_R,RegulatorRegulon_Spearman_p-value,Regulon_stratification_t-statistic,-log10(p)_Regulon_stratification,Fraction_of_edges_correctly_aligned
1441,SRGAP1_code_potential_somatic,ENSG00000221869,1441,1.0,2.005146191835185,0.18593111468365855,1.1821511134466203e-05,5.769255121864446,2.01932349319646,1.0
2728,SRGAP1_code_potential_somatic,ENSG00000130726,2728,1.0,1.391828189967611,0.4123955972351137,6.4915270866524605e-24,4.448114303152913,1.449698447243055,1.0
2720,SRGAP1_code_potential_somatic,ENSG00000130726,2720,1.0,1.391828189967611,0.3850182848170064,8.316832791246072e-21,4.650488000416152,1.990208712928076,1.0
904,SRGAP1_code_potential_somatic,ENSG00000105672,904,-1.0,1.3927473461544646,-0.2599583909302699,6.487670956827271e-10,6.046828661526848,2.3176633462461766,1.0
2982,SRGAP1_code_potential_somatic,ENSG00000187079,2982,1.0,2.93854433417964,0.33557938598803533,6.85661584693099e-16,6.109600038116084,1.9860503003960606,1.0
2976,SRGAP1_code_potential_somatic,ENSG00000187079,2976,1.0,2.93854433417964,-0.2122105578475229,5.342331407289734e-07,-4.048828914875284,1.4826504813347663,1.0
1292,SRGAP1_code_potential_somatic,ENSG00000118263,1292,1.0,1.4485013223595793,0.5005456168102334,4.332669506832742e-36,4.002063375622613,1.3317598253192704,1.0
