,Mutation,Regulator,Regulon,MutationRegulatorEdge,-log10(p)_MutationRegulatorEdge,RegulatorRegulon_Spearman_R,RegulatorRegulon_Spearman_p-value,Regulon_stratification_t-statistic,-log10(p)_Regulon_stratification,Fraction_of_edges_correctly_aligned
2527,STXBP5L_code_potential_somatic,ENSG00000112333,2527,1.0,1.4254190879300521,-0.18415378569834248,1.436266628702184e-05,-2.5635951908967134,1.3508639322052614,1.0
3101,STXBP5L_code_potential_somatic,ENSG00000184486,3101,1.0,2.0751257147086934,-0.39465227711252515,7.232332742464199e-22,-3.0716925060160634,1.6992285659144983,1.0
3110,STXBP5L_code_potential_somatic,ENSG00000184486,3110,1.0,2.0751257147086934,0.26887580769699976,1.573844320577644e-10,4.626375043968749,2.804555113240511,1.0
3107,STXBP5L_code_potential_somatic,ENSG00000184486,3107,1.0,2.0751257147086934,-0.28378928523067615,1.3075652516215575e-11,-4.2063968722535785,2.365422883610403,1.0
3023,STXBP5L_code_potential_somatic,ENSG00000166949,3023,1.0,1.7882222490868334,0.32483294062777623,6.226768691874061e-15,2.578632628150362,1.4157209919108313,1.0
3195,STXBP5L_code_potential_somatic,ENSG00000176165,3195,1.0,2.6471353117269936,0.26173608451084845,4.912321927136984e-10,3.340359349311117,1.7847561333733883,1.0
2489,STXBP5L_code_potential_somatic,ENSG00000106511,2489,1.0,1.3322778964608395,0.3264023044753996,4.536191596632064e-15,2.977709245268005,1.5969679458008699,1.0
