,Mutation,Regulator,Regulon,MutationRegulatorEdge,-log10(p)_MutationRegulatorEdge,RegulatorRegulon_Spearman_R,RegulatorRegulon_Spearman_p-value,Regulon_stratification_t-statistic,-log10(p)_Regulon_stratification,Fraction_of_edges_correctly_aligned
2320,SUSD1_code_potential_somatic,ENSG00000135457,2320,-1.0,1.422332631276651,0.6147789272980276,2.8631235837696392e-58,-7.969430777321426,3.9805915392206765,1.0
367,SUSD1_code_potential_somatic,ENSG00000163497,367,-1.0,3.5459880500496626,-0.2748689275683561,5.896715648202729e-11,4.305028324708794,1.9955065071224796,1.0
1527,SUSD1_code_potential_somatic,ENSG00000113916,1527,-1.0,2.604711212460037,0.3568985106064773,6.6232152464849385e-18,-4.045257919893529,1.6744705160619582,0.6666666666666666
1538,SUSD1_code_potential_somatic,ENSG00000113916,1538,-1.0,2.604711212460037,0.6841581243819654,7.158883160947051e-77,-3.5329888890746917,1.9276910287688174,0.6666666666666666
3396,SUSD1_code_potential_somatic,ENSG00000120149,3396,-1.0,1.3055783751237657,-0.17820796615855944,2.7185279708035753e-05,4.335218093986367,1.7487645869562904,1.0
