,Mutation,Regulator,Regulon,MutationRegulatorEdge,-log10(p)_MutationRegulatorEdge,RegulatorRegulon_Spearman_R,RegulatorRegulon_Spearman_p-value,Regulon_stratification_t-statistic,-log10(p)_Regulon_stratification,Fraction_of_edges_correctly_aligned
2640,TCF12_code_potential_somatic,ENSG00000126767,2640,-1.0,1.4523794085503576,0.3679243817758663,5.2162881321656205e-19,-3.2105778710744532,1.3699975401130022,1.0
1548,TCF12_code_potential_somatic,ENSG00000123364,1548,-1.0,2.3559872194178175,0.45285051907844587,4.607026336387008e-29,-7.658876437103467,4.533939921164063,1.0
957,TCF12_code_potential_somatic,ENSG00000129173,957,-1.0,1.5874083515676098,0.656211387082988,8.734534768759101e-69,-3.825539076740832,1.4495722191456155,1.0
3748,TCF12_code_potential_somatic,ENSG00000128713,3748,-1.0,1.6842767082047627,0.38202481270608896,1.7476344049928133e-20,-6.247166800519625,2.4549712600373006,1.0
3762,TCF12_code_potential_somatic,ENSG00000123388,3762,-1.0,2.172646543533595,0.36996947054604434,3.2203666637106646e-19,-6.247166800519625,2.4549712600373006,1.0
