,Mutation,Regulator,Regulon,MutationRegulatorEdge,-log10(p)_MutationRegulatorEdge,RegulatorRegulon_Spearman_R,RegulatorRegulon_Spearman_p-value,Regulon_stratification_t-statistic,-log10(p)_Regulon_stratification,Fraction_of_edges_correctly_aligned
2614,TERT_code_potential_somatic,ENSG00000196482,2614,-1.0,3.3816646092278484,0.028833287139113584,0.5005855220951068,-13.34258870429774,3.0128841847209036,1.0
2606,TERT_code_potential_somatic,ENSG00000196482,2606,-1.0,3.3816646092278484,0.20315196979517844,1.6275974563501287e-06,-6.347006285269343,2.0144951057161746,1.0
374,TERT_code_potential_somatic,ENSG00000112561,374,-1.0,2.7994578029574764,0.20650595453336656,1.0837195095257456e-06,-5.165767374936075,2.2375437410495223,1.0
12,TERT_code_potential_somatic,ENSG00000126351,12,-1.0,2.016186793666443,0.47919761624700663,8.296253055498482e-33,-4.636440687317818,1.4145525781531365,1.0
7,TERT_code_potential_somatic,ENSG00000126351,7,-1.0,2.016186793666443,0.5924389359447688,3.1973683806405464e-53,-5.295996389053906,1.6140520135993315,1.0
1434,TERT_code_potential_somatic,ENSG00000116035,1434,-1.0,1.379817968257411,0.2209428331399885,1.741200510542418e-07,-4.05994403049707,1.328168206776266,0.5
