,Mutation,Regulator,Regulon,MutationRegulatorEdge,-log10(p)_MutationRegulatorEdge,RegulatorRegulon_Spearman_R,RegulatorRegulon_Spearman_p-value,Regulon_stratification_t-statistic,-log10(p)_Regulon_stratification,Fraction_of_edges_correctly_aligned
164,THSD7B_code_potential_somatic,ENSG00000178573,164,-1.0,1.3174776971252438,0.38102057068346373,2.238185444011674e-20,-2.8504281344369975,1.702886082453441,1.0
3376,THSD7B_code_potential_somatic,ENSG00000137273,3376,-1.0,1.3044660942195052,0.4518914728241265,6.218274453371455e-29,-3.7708418051385832,2.2910390248534616,1.0
130,THSD7B_code_potential_somatic,ENSG00000105967,130,-1.0,1.3296981131078023,0.8195316161333988,3.8518852246219126e-134,-2.5689298985426494,1.4585232165800526,1.0
