,Mutation,Regulator,Regulon,MutationRegulatorEdge,-log10(p)_MutationRegulatorEdge,RegulatorRegulon_Spearman_R,RegulatorRegulon_Spearman_p-value,Regulon_stratification_t-statistic,-log10(p)_Regulon_stratification,Fraction_of_edges_correctly_aligned
3682,TLR2_code_potential_somatic,ENSG00000106689,3682,1.0,6.298758059783251,-0.06701669270241437,0.11711462146552573,-3.599868103626771,1.499802927267526,1.0
377,TLR2_code_potential_somatic,ENSG00000112561,377,1.0,2.3146998581946647,0.17995656503719568,2.2582146281443577e-05,3.0318499399864534,1.641600616152352,1.0
3672,TLR2_code_potential_somatic,ENSG00000198517,3672,1.0,1.9692583599417401,-0.20908349720067404,7.891832365928267e-07,-4.1539131518666625,2.129935692724359,1.0
12,TLR2_code_potential_somatic,ENSG00000126351,12,1.0,1.5559328035016509,0.47919761624700663,8.296253055498482e-33,2.2898699987420863,1.3301070481684754,1.0
1643,TLR2_code_potential_somatic,ENSG00000138795,1643,-1.0,1.790135506212117,0.33823145192698445,3.924605756681095e-16,-8.25224355857745,3.2431543305400288,1.0
1657,TLR2_code_potential_somatic,ENSG00000138795,1657,-1.0,1.790135506212117,0.2871130085620823,7.35664175870566e-12,-9.413682890437565,2.7584499815312866,1.0
1650,TLR2_code_potential_somatic,ENSG00000138795,1650,-1.0,1.790135506212117,0.3354609654467966,7.028702708760385e-16,-4.424726327685816,1.599461874499434,1.0
3545,TLR2_code_potential_somatic,ENSG00000167157,3545,-1.0,9.875636441687526,0.15623982149578777,0.00024094113892140058,-4.191977680729854,1.9482578473115686,0.3333333333333333
