,Mutation,Regulator,Regulon,MutationRegulatorEdge,-log10(p)_MutationRegulatorEdge,RegulatorRegulon_Spearman_R,RegulatorRegulon_Spearman_p-value,Regulon_stratification_t-statistic,-log10(p)_Regulon_stratification,Fraction_of_edges_correctly_aligned
3750,TREML2_code_potential_somatic,ENSG00000163666,3750,-1.0,3.3834891871214707,0.19375642280129188,4.9068906131440965e-06,-5.055647129934438,2.1501984107768655,1.0
828,TREML2_code_potential_somatic,ENSG00000152284,828,1.0,2.3024421595477427,-0.2844180662202708,1.173444969743463e-11,-3.970754180970393,1.5277931703980583,1.0
371,TREML2_code_potential_somatic,ENSG00000112561,371,1.0,2.00148608809357,0.3455223363089412,8.232171146233444e-17,3.8318513012959867,1.3461999358682206,1.0
5,TREML2_code_potential_somatic,ENSG00000126351,5,1.0,1.7755739892560385,-0.28714808262632846,7.311829970337332e-12,-5.202488598479523,4.176537147471088,1.0
15,TREML2_code_potential_somatic,ENSG00000126351,15,1.0,1.7755739892560385,-0.33638747492769533,5.787940081776632e-16,-3.8234290030288847,1.525877552549305,1.0
3577,TREML2_code_potential_somatic,ENSG00000134138,3577,1.0,1.9570773717235554,0.6019454657365405,2.5430605829568647e-55,2.8829490697160387,1.4342534782407748,1.0
183,TREML2_code_potential_somatic,ENSG00000007866,183,-1.0,3.0195876943968587,-0.16986697450173865,6.429015551285007e-05,5.469539470688862,2.2202314670077503,1.0
