,Mutation,Regulator,Regulon,MutationRegulatorEdge,-log10(p)_MutationRegulatorEdge,RegulatorRegulon_Spearman_R,RegulatorRegulon_Spearman_p-value,Regulon_stratification_t-statistic,-log10(p)_Regulon_stratification,Fraction_of_edges_correctly_aligned
3315,TRIM10_code_potential_somatic,ENSG00000091831,3315,-1.0,2.0198758778607546,-0.29668217581994016,1.3456962616737226e-12,3.072416648111967,1.3406287208837588,1.0
2088,TRIM10_code_potential_somatic,ENSG00000030419,2088,-1.0,1.5112747858627562,-0.19310379728153398,5.287514413257324e-06,2.883563973611176,1.484943464968946,1.0
3187,TRIM10_code_potential_somatic,ENSG00000176165,3187,1.0,1.69387958555514,0.402624881716182,9.010448837223377e-23,5.470612386044131,4.255397667799819,1.0
3197,TRIM10_code_potential_somatic,ENSG00000176165,3197,1.0,1.69387958555514,-0.15063865787525402,0.00040237676553424946,-3.02065103751401,1.3022050157050067,1.0
3737,TRIM10_code_potential_somatic,ENSG00000124813,3737,-1.0,2.0526138315683924,-0.28991660029209915,4.50201642981905e-12,3.1741985823345953,1.337455523162856,1.0
1133,TRIM10_code_potential_somatic,ENSG00000165804,1133,1.0,1.3138855830898588,0.42173798623973724,4.833792871565858e-25,3.2147053373019343,1.4344771794046796,1.0
1134,TRIM10_code_potential_somatic,ENSG00000165804,1134,1.0,1.3138855830898588,0.5152665880453443,1.716975815954447e-38,4.906349998523098,2.1013597384987652,1.0
