,Mutation,Regulator,Regulon,MutationRegulatorEdge,-log10(p)_MutationRegulatorEdge,RegulatorRegulon_Spearman_R,RegulatorRegulon_Spearman_p-value,Regulon_stratification_t-statistic,-log10(p)_Regulon_stratification,Fraction_of_edges_correctly_aligned
3523,UBE3C_code_potential_somatic,ENSG00000153234,3523,-1.0,1.7887758824499755,0.12843859818371767,0.0025928454275054203,-3.651954644075273,2.0926454365492013,1.0
1475,UBE3C_code_potential_somatic,ENSG00000087510,1475,-1.0,1.4788585146068731,0.3591236935088842,3.997301619713854e-18,-2.604731255963722,1.4396847849375711,1.0
797,UBE3C_code_potential_somatic,ENSG00000126561,797,-1.0,1.3701568125726529,0.2489276341843643,3.4802347849274002e-09,-3.7453129928815083,2.10481982779171,1.0
