,Mutation,Regulator,Regulon,MutationRegulatorEdge,-log10(p)_MutationRegulatorEdge,RegulatorRegulon_Spearman_R,RegulatorRegulon_Spearman_p-value,Regulon_stratification_t-statistic,-log10(p)_Regulon_stratification,Fraction_of_edges_correctly_aligned
1577,UBQLN3_code_potential_somatic,ENSG00000105866,1577,1.0,1.556291026287539,0.37185151026660157,2.0597864056495832e-19,2.156934287521633,1.4050821074490152,1.0
1551,UBQLN3_code_potential_somatic,ENSG00000134323,1551,1.0,1.556291026287539,-0.436735976955246,6.279389245335047e-27,-4.202429020852812,1.70216878326668,1.0
1550,UBQLN3_code_potential_somatic,ENSG00000134323,1550,1.0,1.556291026287539,-0.5060944650282776,5.560042287405335e-37,-4.037913144983712,2.0207583090699273,1.0
3363,UBQLN3_code_potential_somatic,ENSG00000105516,3363,-1.0,1.5849967452537377,0.40384926552648986,6.51105186434234e-23,-5.05536225241729,1.6645626841397563,1.0
986,UBQLN3_code_potential_somatic,ENSG00000185129,986,-1.0,3.734613941925005,0.3376170359907296,4.468298620083105e-16,-7.3905490430246354,2.255265686067826,1.0
3717,UBQLN3_code_potential_somatic,ENSG00000163435,3717,-1.0,1.5099365444517405,0.32730183390687817,3.779874815497097e-15,-3.5598017685960257,1.6122411018129186,1.0
3505,UBQLN3_code_potential_somatic,ENSG00000149948,3505,-1.0,1.3674071350200874,0.30313028389722696,4.131155459913165e-13,-4.414149628646226,1.4756613515418497,1.0
