,Mutation,Regulator,Regulon,MutationRegulatorEdge,-log10(p)_MutationRegulatorEdge,RegulatorRegulon_Spearman_R,RegulatorRegulon_Spearman_p-value,Regulon_stratification_t-statistic,-log10(p)_Regulon_stratification,Fraction_of_edges_correctly_aligned
3599,UNC45B_code_potential_somatic,ENSG00000168779,3599,1.0,3.6825085432274602,0.4704775999320541,1.5647032113427093e-31,4.443413837856404,1.4020813131363552,1.0
3597,UNC45B_code_potential_somatic,ENSG00000168779,3597,1.0,3.6825085432274602,0.35609604292540536,7.938393125223019e-18,6.627852949818276,3.2183179448935566,1.0
3553,UNC45B_code_potential_somatic,ENSG00000167157,3553,-1.0,1.6458588794584537,-0.3781314885066346,4.538711291597494e-20,4.789453801147788,1.8955114583132924,1.0
3398,UNC45B_code_potential_somatic,ENSG00000120149,3398,-1.0,1.4370327569027466,0.19005162450158916,7.473825507774001e-06,-5.0174912630075434,1.825490347966855,1.0
3393,UNC45B_code_potential_somatic,ENSG00000120149,3393,-1.0,1.4370327569027466,0.1356500737175161,0.0014577784066699124,-4.795165192651982,1.7314916790168962,1.0
2551,UNC45B_code_potential_somatic,ENSG00000263001,2551,1.0,2.140480509214601,0.47730952322096293,1.578301763934378e-32,3.3049728473610744,1.4401661503479979,1.0
646,UNC45B_code_potential_somatic,ENSG00000071564,646,1.0,6.113990541759355,0.4211067989214106,5.775915820959049e-25,5.168943950374071,1.9898090506011645,1.0
3424,UNC45B_code_potential_somatic,ENSG00000105610,3424,-1.0,1.3749302892173259,-0.20123048029173637,2.0484163659216478e-06,4.854156290107557,2.0247880667616824,1.0
