,Mutation,Regulator,Regulon,MutationRegulatorEdge,-log10(p)_MutationRegulatorEdge,RegulatorRegulon_Spearman_R,RegulatorRegulon_Spearman_p-value,Regulon_stratification_t-statistic,-log10(p)_Regulon_stratification,Fraction_of_edges_correctly_aligned
1036,UNC5C_code_potential_somatic,ENSG00000137203,1036,-1.0,3.4101178274321904,-0.2227410898933683,1.3742325448913637e-07,5.220144082177252,5.775774183154069,1.0
366,UNC5C_code_potential_somatic,ENSG00000163497,366,-1.0,4.743290499477737,0.2894018731355593,4.928790824080555e-12,-3.574811435083246,2.0357681729232833,1.0
1546,UNC5C_code_potential_somatic,ENSG00000173404,1546,-1.0,1.3032330141239927,0.418613404840673,1.1628277981738513e-24,-2.868234481635517,1.3059706106160915,1.0
3026,UNC5C_code_potential_somatic,ENSG00000166949,3026,1.0,3.3220719447409945,0.3849844503766524,8.387289374062211e-21,4.943062140497565,1.7145459859356327,1.0
3399,UNC5C_code_potential_somatic,ENSG00000120149,3399,-1.0,2.477116748177429,0.12252588389376366,0.004071887528659675,-6.807531799622456,7.483113355489631,1.0
693,UNC5C_code_potential_somatic,ENSG00000188786,693,1.0,3.1635935261292887,-0.3278619251490302,3.373042685106883e-15,-3.78827041007552,2.4656360030870625,0.5
