,Mutation,Regulator,Regulon,MutationRegulatorEdge,-log10(p)_MutationRegulatorEdge,RegulatorRegulon_Spearman_R,RegulatorRegulon_Spearman_p-value,Regulon_stratification_t-statistic,-log10(p)_Regulon_stratification,Fraction_of_edges_correctly_aligned
3750,UNC93A_code_potential_somatic,ENSG00000163666,3750,1.0,1.378095083095096,0.19375642280129188,4.9068906131440965e-06,4.193286391884594,1.458216981045188,1.0
2343,UNC93A_code_potential_somatic,ENSG00000198914,2343,-1.0,1.7392224568273984,-0.3318981405422859,1.4743340886202337e-15,9.69960587768956,3.5219054241918393,1.0
2340,UNC93A_code_potential_somatic,ENSG00000198914,2340,-1.0,1.7392224568273984,-0.3652198141191266,9.819024671935763e-19,3.7613371883205198,1.3744894618335475,1.0
977,UNC93A_code_potential_somatic,ENSG00000066136,977,1.0,2.054294269103605,0.41230138581930065,6.661055322068451e-24,3.5443253538134307,1.573271572335716,0.5
3092,UNC93A_code_potential_somatic,ENSG00000119725,3092,1.0,1.3264053021405862,0.43490432327582723,1.0798985900997392e-26,7.095690086689261,2.784904930189847,1.0
3499,UNC93A_code_potential_somatic,ENSG00000108813,3499,-1.0,2.521679429013489,-0.3648753994675776,1.0638107496360162e-18,12.75403465273998,4.819706496574626,1.0
944,UNC93A_code_potential_somatic,ENSG00000112242,944,1.0,1.3323412027639066,0.48907289768720463,2.687407961291249e-34,4.325490085686199,1.510334736729881,0.5
3513,UNC93A_code_potential_somatic,ENSG00000106004,3513,1.0,2.219496308730217,0.2663213605718773,2.374164686437784e-10,11.998334178964884,12.392318413137573,1.0
