,Mutation,Regulator,Regulon,MutationRegulatorEdge,-log10(p)_MutationRegulatorEdge,RegulatorRegulon_Spearman_R,RegulatorRegulon_Spearman_p-value,Regulon_stratification_t-statistic,-log10(p)_Regulon_stratification,Fraction_of_edges_correctly_aligned
1238,USP35_code_potential_somatic,ENSG00000151702,1238,-1.0,1.3820846495907457,0.6335156236726455,7.943540603589842e-63,-4.8198502347608185,1.6285999685385162,1.0
1077,USP35_code_potential_somatic,ENSG00000163848,1077,1.0,4.600196659906246,0.5905431864182139,8.225260381726367e-53,8.604206511747764,2.883882946230173,1.0
1089,USP35_code_potential_somatic,ENSG00000163848,1089,1.0,4.600196659906246,0.43989147603256473,2.448426008212381e-27,4.374671210255947,1.3977554330078013,1.0
554,USP35_code_potential_somatic,ENSG00000181449,554,1.0,1.3072894375639277,-0.180874178393691,2.0472835167626913e-05,-5.883729368595574,1.7026765394274501,1.0
560,USP35_code_potential_somatic,ENSG00000181449,560,1.0,1.3072894375639277,0.7759856705311577,2.31757765165303e-111,3.906568618098932,1.3025351146187822,1.0
2918,USP35_code_potential_somatic,ENSG00000162419,2918,1.0,2.6776670595525545,0.5140835493377967,2.7049308769963784e-38,4.787094244512522,1.5464749534060125,1.0
3724,USP35_code_potential_somatic,ENSG00000116833,3724,-1.0,1.6520727994355193,-0.1767768568344512,3.160119497039484e-05,4.2884107916653695,1.500082351468178,1.0
