,Mutation,Regulator,Regulon,MutationRegulatorEdge,-log10(p)_MutationRegulatorEdge,RegulatorRegulon_Spearman_R,RegulatorRegulon_Spearman_p-value,Regulon_stratification_t-statistic,-log10(p)_Regulon_stratification,Fraction_of_edges_correctly_aligned
1313,USP42_code_potential_somatic,ENSG00000125952,1313,1.0,2.4625519785265637,0.6383058949876683,4.830752998599309e-64,6.048717468028288,2.2348755075139355,1.0
1315,USP42_code_potential_somatic,ENSG00000125952,1315,1.0,2.4625519785265637,0.5052938138319714,7.494661457773782e-37,6.1542726904608855,2.9934057160446934,1.0
1316,USP42_code_potential_somatic,ENSG00000125952,1316,1.0,2.4625519785265637,0.41974138966359315,8.47913416258375e-25,7.650959874857214,2.075174019616415,1.0
3244,USP42_code_potential_somatic,ENSG00000025434,3244,1.0,1.6112327397741097,0.23516102750820214,2.536933644560716e-08,6.6590694722138855,1.820456401664013,1.0
513,USP42_code_potential_somatic,ENSG00000120690,513,1.0,1.9934408619049853,0.5715665134418617,7.541806748598516e-49,3.9434014371213815,1.5850618552531563,1.0
1522,USP42_code_potential_somatic,ENSG00000113916,1522,1.0,1.868972316737548,0.20905214200810465,7.922529811932706e-07,5.022299986523104,1.6114982237771769,1.0
1530,USP42_code_potential_somatic,ENSG00000113916,1530,1.0,1.868972316737548,0.28051507393590874,2.2871989319564442e-11,9.295341539206822,3.1791009274409703,1.0
1538,USP42_code_potential_somatic,ENSG00000113916,1538,1.0,1.868972316737548,0.6841581243819654,7.158883160947051e-77,3.803679067901788,1.3369585523335754,1.0
