,Mutation,Regulator,Regulon,MutationRegulatorEdge,-log10(p)_MutationRegulatorEdge,RegulatorRegulon_Spearman_R,RegulatorRegulon_Spearman_p-value,Regulon_stratification_t-statistic,-log10(p)_Regulon_stratification,Fraction_of_edges_correctly_aligned
366,VEGFR3_SIGNALING_IN_LYMPHATIC_ENDOTHELIUM_PID_NCI_NATURE_nonsilent_somatic,ENSG00000163497,366,-1.0,3.257123972718392,0.2894018731355593,4.928790824080555e-12,-4.712081898617917,4.949788733017768,1.0
884,VEGFR3_SIGNALING_IN_LYMPHATIC_ENDOTHELIUM_PID_NCI_NATURE_nonsilent_somatic,ENSG00000139083,884,1.0,1.5138050390253468,-0.21474923465985488,3.8749813925423966e-07,-2.3099190663757367,1.5884332770819887,1.0
234,VEGFR3_SIGNALING_IN_LYMPHATIC_ENDOTHELIUM_PID_NCI_NATURE_nonsilent_somatic,ENSG00000135363,234,1.0,1.854441615488935,-0.31197279069307887,7.794265670481288e-14,-3.519352937352443,3.0306749301307234,1.0
3399,VEGFR3_SIGNALING_IN_LYMPHATIC_ENDOTHELIUM_PID_NCI_NATURE_nonsilent_somatic,ENSG00000120149,3399,-1.0,4.493051192565058,0.12252588389376366,0.004071887528659675,-4.254561938176643,4.2242741385382105,1.0
3398,VEGFR3_SIGNALING_IN_LYMPHATIC_ENDOTHELIUM_PID_NCI_NATURE_nonsilent_somatic,ENSG00000120149,3398,-1.0,4.493051192565058,0.19005162450158916,7.473825507774001e-06,-4.765314762503046,4.870597107467306,1.0
3393,VEGFR3_SIGNALING_IN_LYMPHATIC_ENDOTHELIUM_PID_NCI_NATURE_nonsilent_somatic,ENSG00000120149,3393,-1.0,4.493051192565058,0.1356500737175161,0.0014577784066699124,-3.1068217478783193,2.523252500604206,1.0
693,VEGFR3_SIGNALING_IN_LYMPHATIC_ENDOTHELIUM_PID_NCI_NATURE_nonsilent_somatic,ENSG00000188786,693,1.0,1.3106217459278877,-0.3278619251490302,3.373042685106883e-15,-5.299219705240678,6.153137591743502,1.0
851,VEGFR3_SIGNALING_IN_LYMPHATIC_ENDOTHELIUM_PID_NCI_NATURE_nonsilent_somatic,ENSG00000113580,851,1.0,1.5100029368920298,-0.33467030416068094,8.291506310731383e-16,-3.744866727810281,3.468039390748784,0.5
