,Mutation,Regulator,Regulon,MutationRegulatorEdge,-log10(p)_MutationRegulatorEdge,RegulatorRegulon_Spearman_R,RegulatorRegulon_Spearman_p-value,Regulon_stratification_t-statistic,-log10(p)_Regulon_stratification,Fraction_of_edges_correctly_aligned
3676,YY1AP1_code_potential_somatic,ENSG00000170370,3676,1.0,1.4789200570740195,-0.24996045964378896,2.9837283379059956e-09,-2.5567916349479174,1.587120470220481,1.0
3637,YY1AP1_code_potential_somatic,ENSG00000076604,3637,-1.0,2.4943586307141588,0.35197939132571,1.9942041758595182e-17,-4.426447062678228,4.790670670269386,1.0
916,YY1AP1_code_potential_somatic,ENSG00000101057,916,-1.0,2.283595081963885,0.8137042900539069,9.46897652452271e-131,-10.280319244439779,9.854020790817327,1.0
941,YY1AP1_code_potential_somatic,ENSG00000112242,941,-1.0,2.0840898899013998,0.5505707119021468,9.360156667283042e-45,-5.728688103202385,1.9595395486957212,1.0
