,Mutation,Regulator,Regulon,MutationRegulatorEdge,-log10(p)_MutationRegulatorEdge,RegulatorRegulon_Spearman_R,RegulatorRegulon_Spearman_p-value,Regulon_stratification_t-statistic,-log10(p)_Regulon_stratification,Fraction_of_edges_correctly_aligned
1065,ZFHX4_code_potential_somatic,ENSG00000146592,1065,-1.0,1.5548817461407813,0.47229604668627756,8.539892242276056e-32,-4.475750290447817,2.010175738662936,1.0
2897,ZFHX4_code_potential_somatic,ENSG00000109381,2897,-1.0,1.4487667989195048,0.6838262697740976,9.040613206213917e-77,-4.733193515597663,1.9680022982345657,1.0
3190,ZFHX4_code_potential_somatic,ENSG00000176165,3190,-1.0,1.3280710683095107,0.48515269650645554,1.0628112697820609e-33,-3.92858979126844,1.4118625196102015,1.0
1918,ZFHX4_code_potential_somatic,ENSG00000167034,1918,1.0,4.504316187825726,-0.2597870311569257,6.66324397158564e-10,-3.864777977704153,1.3986440586454219,1.0
1917,ZFHX4_code_potential_somatic,ENSG00000167034,1917,1.0,4.504316187825726,-0.33248572226722545,1.3056476504494472e-15,-3.6991798712346777,1.3016230920678737,1.0
1896,ZFHX4_code_potential_somatic,ENSG00000167034,1896,1.0,4.504316187825726,-0.3636803470830229,1.403698853226158e-18,-4.435858919093651,1.5038532500020287,1.0
648,ZFHX4_code_potential_somatic,ENSG00000071564,648,-1.0,2.0749308001940014,0.39266114946531744,1.2060733178923612e-21,-4.53394470329282,1.5757982052112696,1.0
1349,ZFHX4_code_potential_somatic,ENSG00000182944,1349,-1.0,1.4705084236096477,0.18725627262450328,1.0211826894705243e-05,-6.150385707639324,7.453907111470768,1.0
