,Mutation,Regulator,Regulon,MutationRegulatorEdge,-log10(p)_MutationRegulatorEdge,RegulatorRegulon_Spearman_R,RegulatorRegulon_Spearman_p-value,Regulon_stratification_t-statistic,-log10(p)_Regulon_stratification,Fraction_of_edges_correctly_aligned
1521,ZFP42_code_potential_somatic,ENSG00000113916,1521,-1.0,1.6727626879996147,0.16307339805774274,0.00012585568758760173,-4.855361355064829,4.940234074687467,0.6666666666666666
1538,ZFP42_code_potential_somatic,ENSG00000113916,1538,-1.0,1.6727626879996147,0.6841581243819654,7.158883160947051e-77,-3.467117369046543,1.7383169089624646,0.6666666666666666
1361,ZFP42_code_potential_somatic,ENSG00000173153,1361,-1.0,1.8248103540172975,0.1917439298717055,6.17314799274213e-06,-2.6680351417683372,1.440862577672874,0.5
3150,ZFP42_code_potential_somatic,ENSG00000160685,3150,-1.0,1.9311643330316737,-0.1592487208357515,0.00018160544481927765,2.6693145162116854,1.348998942889822,1.0
