,Mutation,Regulator,Regulon,MutationRegulatorEdge,-log10(p)_MutationRegulatorEdge,RegulatorRegulon_Spearman_R,RegulatorRegulon_Spearman_p-value,Regulon_stratification_t-statistic,-log10(p)_Regulon_stratification,Fraction_of_edges_correctly_aligned
1452,ZNF608_code_potential_somatic,ENSG00000007372,1452,1.0,1.989573321259014,0.3036201319878602,3.7721184305924064e-13,7.168486762791524,3.0011165782515343,1.0
3265,ZNF608_code_potential_somatic,ENSG00000184481,3265,1.0,1.3858311951079565,0.3577604138068726,5.449156345779989e-18,2.3895421459086834,1.385160664186623,0.5
2563,ZNF608_code_potential_somatic,ENSG00000175745,2563,1.0,2.3084022197604988,0.3783620149488433,4.290875563193481e-20,5.36512274945173,1.9772572846450351,1.0
1618,ZNF608_code_potential_somatic,ENSG00000181690,1618,-1.0,2.0157239813060674,0.30900316228054925,1.3732428709727968e-13,-3.6729238166713096,1.4045259890012394,1.0
