,Mutation,Regulator,Regulon,MutationRegulatorEdge,-log10(p)_MutationRegulatorEdge,RegulatorRegulon_Spearman_R,RegulatorRegulon_Spearman_p-value,Regulon_stratification_t-statistic,-log10(p)_Regulon_stratification,Fraction_of_edges_correctly_aligned
3529,ZNF618_code_potential_somatic,ENSG00000102935,3529,-1.0,2.538662980909502,0.055261558089103734,0.1964703574486803,-3.090809605633642,1.633493360558395,1.0
3679,ZNF618_code_potential_somatic,ENSG00000106689,3679,1.0,1.7642786686533845,0.2023249948209243,1.7974110078168925e-06,4.018417405309487,2.8299201531915985,1.0
2041,ZNF618_code_potential_somatic,ENSG00000054598,2041,-1.0,1.3191037392543246,0.27457851511579145,6.187456974436458e-11,-3.6280333303395653,1.847417283172009,1.0
2039,ZNF618_code_potential_somatic,ENSG00000054598,2039,-1.0,1.3191037392543246,0.4104257619512322,1.1109781326525633e-23,-3.2627592865033885,1.8658978223471832,1.0
489,ZNF618_code_potential_somatic,ENSG00000068305,489,-1.0,1.450126933289988,0.3602522036684555,3.0894830510338585e-18,-3.8471810928252266,2.0080119087239012,0.5
